Date,FNSKU,ASIN,MSKU,Title,Disposition,Starting Warehouse Balance,In Transit Between Warehouses,Receipts,Customer Shipments,Customer Returns,Vendor Returns,Warehouse Transfer In/Out,Found,Lost,Damaged,Disposed,Other Events,Ending Warehouse Balance,Unknown Events,Location
03-08-2026,X002F3JZP9,B0FS6TB7CP,FBA79812,NexLev Portable Blender for Smoothies Milkshakes Crushing Ice Juices | 6 Leaf Stainless Steel Blade | 3000 mAh Battery | Type C | Mix Fruit Juicer Mini | 450ml | For Kitchen & Travel | PB-01,SELLABLE,6,0,0,0,0,0,0,0,0,0,0,0,6,0,PNQ3
03-08-2026,X002F3ID0H,B0FT8R24QM,FBA79819,"NexLev Portable Cordless Lint Remover | for Woollen, Sweaters, Jackets, Carpets | Fabric Brush | Rue & Burr Remover | Battery Powered Shaver | SS Blade | Safety Lock | LR-03",SELLABLE,72,0,0,0,0,0,0,0,0,0,0,0,72,0,BOM7
03-08-2026,X002F3ID0H,B0FT8R24QM,FBA79819,"NexLev Portable Cordless Lint Remover | for Woollen, Sweaters, Jackets, Carpets | Fabric Brush | Rue & Burr Remover | Battery Powered Shaver | SS Blade | Safety Lock | LR-03",SELLABLE,15,0,0,0,0,0,0,0,0,0,0,0,15,0,DED4
03-08-2026,X002F3ID0H,B0FT8R24QM,FBA79819,"NexLev Portable Cordless Lint Remover | for Woollen, Sweaters, Jackets, Carpets | Fabric Brush | Rue & Burr Remover | Battery Powered Shaver | SS Blade | Safety Lock | LR-03",SELLABLE,1,0,0,0,0,0,0,0,0,0,0,0,1,0,DEL4
03-08-2026,X002F3ID0H,B0FT8R24QM,FBA79819,"NexLev Portable Cordless Lint Remover | for Woollen, Sweaters, Jackets, Carpets | Fabric Brush | Rue & Burr Remover | Battery Powered Shaver | SS Blade | Safety Lock | LR-03",SELLABLE,1,0,0,0,0,0,0,0,0,0,0,0,1,0,DEL5
03-08-2026,X002F3ID0H,B0FT8R24QM,FBA79819,"NexLev Portable Cordless Lint Remover | for Woollen, Sweaters, Jackets, Carpets | Fabric Brush | Rue & Burr Remover | Battery Powered Shaver | SS Blade | Safety Lock | LR-03",SELLABLE,1,0,0,-1,0,0,0,0,0,0,0,0,0,0,HYD8
03-08-2026,X002F3JZP9,B0FS6TB7CP,FBA79812,NexLev Portable Blender for Smoothies Milkshakes Crushing Ice Juices | 6 Leaf Stainless Steel Blade | 3000 mAh Battery | Type C | Mix Fruit Juicer Mini | 450ml | For Kitchen & Travel | PB-01,SELLABLE,1,0,0,0,0,0,0,0,0,0,0,0,1,0,AMD2
03-08-2026,X002F3JZP9,B0FS6TB7CP,FBA79812,NexLev Portable Blender for Smoothies Milkshakes Crushing Ice Juices | 6 Leaf Stainless Steel Blade | 3000 mAh Battery | Type C | Mix Fruit Juicer Mini | 450ml | For Kitchen & Travel | PB-01,SELLABLE,8,0,0,0,0,0,0,0,0,0,0,0,8,0,BLR7
03-08-2026,X002F3JZP9,B0FS6TB7CP,FBA79812,NexLev Portable Blender for Smoothies Milkshakes Crushing Ice Juices | 6 Leaf Stainless Steel Blade | 3000 mAh Battery | Type C | Mix Fruit Juicer Mini | 450ml | For Kitchen & Travel | PB-01,SELLABLE,1,0,0,0,0,0,1,0,0,0,0,0,2,0,BLR8
03-08-2026,X002F3JZP9,B0FS6TB7CP,FBA79812,NexLev Portable Blender for Smoothies Milkshakes Crushing Ice Juices | 6 Leaf Stainless Steel Blade | 3000 mAh Battery | Type C | Mix Fruit Juicer Mini | 450ml | For Kitchen & Travel | PB-01,SELLABLE,7,0,0,0,0,0,0,0,0,0,0,0,7,0,BOM7
03-08-2026,X002F3JZP9,B0FS6TB7CP,FBA79812,NexLev Portable Blender for Smoothies Milkshakes Crushing Ice Juices | 6 Leaf Stainless Steel Blade | 3000 mAh Battery | Type C | Mix Fruit Juicer Mini | 450ml | For Kitchen & Travel | PB-01,SELLABLE,2,0,0,0,0,0,0,0,0,0,0,0,2,0,DEL5
03-08-2026,X002F3JZP9,B0FS6TB7CP,FBA79812,NexLev Portable Blender for Smoothies Milkshakes Crushing Ice Juices | 6 Leaf Stainless Steel Blade | 3000 mAh Battery | Type C | Mix Fruit Juicer Mini | 450ml | For Kitchen & Travel | PB-01,SELLABLE,8,0,0,0,0,0,0,0,0,0,0,0,8,0,HYD8
03-08-2026,X002F3ID0H,B0FT8R24QM,FBA79819,"NexLev Portable Cordless Lint Remover | for Woollen, Sweaters, Jackets, Carpets | Fabric Brush | Rue & Burr Remover | Battery Powered Shaver | SS Blade | Safety Lock | LR-03",SELLABLE,1,0,0,0,1,0,0,0,0,0,0,0,2,0,BOM5
03-08-2026,X002F7HZ6V,B0FSF1N457,FBA79811,NexLev Mini Electric Chopper | 3D Stainless Steel Blade | Food Grade Bowl | For Mincing Garlic Ginger Onion Vegetable Meat Nuts | 250 ml | One Touch Operation | MC-01,SELLABLE,11,0,0,0,0,0,0,0,0,0,0,0,11,0,BLR8
03-08-2026,X002F7HZ6V,B0FSF1N457,FBA79811,NexLev Mini Electric Chopper | 3D Stainless Steel Blade | Food Grade Bowl | For Mincing Garlic Ginger Onion Vegetable Meat Nuts | 250 ml | One Touch Operation | MC-01,SELLABLE,1,0,0,0,0,0,0,0,0,0,0,0,1,0,BOM5
03-08-2026,X002F7HZ6V,B0FSF1N457,FBA79811,NexLev Mini Electric Chopper | 3D Stainless Steel Blade | Food Grade Bowl | For Mincing Garlic Ginger Onion Vegetable Meat Nuts | 250 ml | One Touch Operation | MC-01,SELLABLE,1,0,0,0,0,0,0,0,0,0,0,0,1,0,DED4
03-08-2026,X002F7HZ6V,B0FSF1N457,FBA79811,NexLev Mini Electric Chopper | 3D Stainless Steel Blade | Food Grade Bowl | For Mincing Garlic Ginger Onion Vegetable Meat Nuts | 250 ml | One Touch Operation | MC-01,SELLABLE,1,0,0,0,0,0,0,0,0,0,0,0,1,0,MAA4
03-08-2026,X002GZVZ81,B0FJG5PFGQ,FBA79673,Nexlev Rechargeable Electric Toothbrush| 120 Days Life | 35K strokes/min| Type C| 6 Modes for Daily Use| 2 Min timer with 30sec Quadpacer | 4 Brushheads| IPX7 Waterproof| For Men & Women | ETC-07 White,SELLABLE,20,0,0,0,0,0,0,0,0,0,0,0,20,0,BOM5
03-08-2026,X002E4P8ZF,B0FJ1ZB4G9,FBA79707,Nexlev Rechargeable Electric Toothbrush| 120 Days Life | 35K strokes/min| Type C| 5 Modes for Daily Use| 2 Min timer with 30sec Quadpacer | 4 Brushheads| IPX7 Waterproof| For Men & Women | ETC-08 Blue,SELLABLE,8,0,0,0,0,0,0,0,0,0,0,0,8,0,DEL4
03-08-2026,X002F3ID0H,B0FT8R24QM,FBA79819,"NexLev Portable Cordless Lint Remover | for Woollen, Sweaters, Jackets, Carpets | Fabric Brush | Rue & Burr Remover | Battery Powered Shaver | SS Blade | Safety Lock | LR-03",CUSTOMER_DAMAGED,2,0,0,0,0,0,0,0,0,0,0,0,2,0,DEL2
03-08-2026,X0027NUKUL,B0CYSLCRQS,FBA79263,"NexLev Mattress, Sofa & Carpet Vacuum Cleaner | For Dust Mites, Allergens & Pet Hair | 4 Step Cleansing with Double Beat, UV Light, Dehumidification & Vacuum | HEPA captures 99.99% Dust|MR-01",CARRIER_DAMAGED,3,0,0,0,0,0,0,0,0,0,0,0,3,0,PNQ3
03-08-2026,X0027NUKUL,B0CYSLCRQS,FBA79263,"NexLev Mattress, Sofa & Carpet Vacuum Cleaner | For Dust Mites, Allergens & Pet Hair | 4 Step Cleansing with Double Beat, UV Light, Dehumidification & Vacuum | HEPA captures 99.99% Dust|MR-01",CUSTOMER_DAMAGED,1,0,0,0,0,0,0,0,0,0,0,0,1,0,CCX1
03-08-2026,X0027NUKUL,B0CYSLCRQS,FBA79263,"NexLev Mattress, Sofa & Carpet Vacuum Cleaner | For Dust Mites, Allergens & Pet Hair | 4 Step Cleansing with Double Beat, UV Light, Dehumidification & Vacuum | HEPA captures 99.99% Dust|MR-01",SELLABLE,6,0,0,0,0,0,0,0,0,0,0,0,6,0,AMD2
03-08-2026,X0027NUKUL,B0CYSLCRQS,FBA79263,"NexLev Mattress, Sofa & Carpet Vacuum Cleaner | For Dust Mites, Allergens & Pet Hair | 4 Step Cleansing with Double Beat, UV Light, Dehumidification & Vacuum | HEPA captures 99.99% Dust|MR-01",SELLABLE,6,0,0,0,0,0,0,0,0,0,0,0,6,0,BLR7
03-08-2026,X0027NUKUL,B0CYSLCRQS,FBA79263,"NexLev Mattress, Sofa & Carpet Vacuum Cleaner | For Dust Mites, Allergens & Pet Hair | 4 Step Cleansing with Double Beat, UV Light, Dehumidification & Vacuum | HEPA captures 99.99% Dust|MR-01",SELLABLE,6,0,0,0,0,0,0,0,0,0,0,0,6,0,BLR8
03-08-2026,X0027NUKUL,B0CYSLCRQS,FBA79263,"NexLev Mattress, Sofa & Carpet Vacuum Cleaner | For Dust Mites, Allergens & Pet Hair | 4 Step Cleansing with Double Beat, UV Light, Dehumidification & Vacuum | HEPA captures 99.99% Dust|MR-01",SELLABLE,6,0,0,0,0,0,0,0,0,0,0,0,6,0,CJB1
03-08-2026,X0027NUKUL,B0CYSLCRQS,FBA79263,"NexLev Mattress, Sofa & Carpet Vacuum Cleaner | For Dust Mites, Allergens & Pet Hair | 4 Step Cleansing with Double Beat, UV Light, Dehumidification & Vacuum | HEPA captures 99.99% Dust|MR-01",SELLABLE,6,0,0,0,0,0,0,0,0,0,0,0,6,0,DED4
03-08-2026,X0027NUKUL,B0CYSLCRQS,FBA79263,"NexLev Mattress, Sofa & Carpet Vacuum Cleaner | For Dust Mites, Allergens & Pet Hair | 4 Step Cleansing with Double Beat, UV Light, Dehumidification & Vacuum | HEPA captures 99.99% Dust|MR-01",SELLABLE,6,0,0,0,0,0,0,0,0,0,0,0,6,0,DEL5
03-08-2026,X0027NUKUL,B0CYSLCRQS,FBA79263,"NexLev Mattress, Sofa & Carpet Vacuum Cleaner | For Dust Mites, Allergens & Pet Hair | 4 Step Cleansing with Double Beat, UV Light, Dehumidification & Vacuum | HEPA captures 99.99% Dust|MR-01",SELLABLE,6,0,0,0,0,0,0,0,0,0,0,0,6,0,HYD8
03-08-2026,X0027NUKUL,B0CYSLCRQS,FBA79263,"NexLev Mattress, Sofa & Carpet Vacuum Cleaner | For Dust Mites, Allergens & Pet Hair | 4 Step Cleansing with Double Beat, UV Light, Dehumidification & Vacuum | HEPA captures 99.99% Dust|MR-01",SELLABLE,6,0,0,0,0,0,0,0,0,0,0,0,6,0,LKO1
03-08-2026,X0027NUKUL,B0CYSLCRQS,FBA79263,"NexLev Mattress, Sofa & Carpet Vacuum Cleaner | For Dust Mites, Allergens & Pet Hair | 4 Step Cleansing with Double Beat, UV Light, Dehumidification & Vacuum | HEPA captures 99.99% Dust|MR-01",SELLABLE,10,0,0,0,0,0,0,0,0,0,0,0,10,0,PNQ3
03-08-2026,X002818VG7,B0DKJZDY72,FBA79565,nexlev Cordless Vacuum Cleaner & Blower |BLDC Copper Motor |HEPA with Stainless Steel Cover | for Home Office & Car Cleaning|4 Attachments | Blower for Dust & Inflatables | Portable & Compact | VC-04,SELLABLE,8,0,0,0,0,0,0,0,0,0,0,0,8,0,AMD2
03-08-2026,X002818VG7,B0DKJZDY72,FBA79565,nexlev Cordless Vacuum Cleaner & Blower |BLDC Copper Motor |HEPA with Stainless Steel Cover | for Home Office & Car Cleaning|4 Attachments | Blower for Dust & Inflatables | Portable & Compact | VC-04,SELLABLE,2,0,0,0,0,0,0,0,0,0,0,0,2,0,BLR8
03-08-2026,X002818VG7,B0DKJZDY72,FBA79565,nexlev Cordless Vacuum Cleaner & Blower |BLDC Copper Motor |HEPA with Stainless Steel Cover | for Home Office & Car Cleaning|4 Attachments | Blower for Dust & Inflatables | Portable & Compact | VC-04,SELLABLE,1,0,0,0,0,0,0,0,0,0,0,0,1,0,BOM5
03-08-2026,X002818VG7,B0DKJZDY72,FBA79565,nexlev Cordless Vacuum Cleaner & Blower |BLDC Copper Motor |HEPA with Stainless Steel Cover | for Home Office & Car Cleaning|4 Attachments | Blower for Dust & Inflatables | Portable & Compact | VC-04,SELLABLE,2,0,0,0,0,0,0,0,0,0,0,0,2,0,BOM7
03-08-2026,X002818VG7,B0DKJZDY72,FBA79565,nexlev Cordless Vacuum Cleaner & Blower |BLDC Copper Motor |HEPA with Stainless Steel Cover | for Home Office & Car Cleaning|4 Attachments | Blower for Dust & Inflatables | Portable & Compact | VC-04,SELLABLE,1,0,0,0,0,0,0,0,0,0,0,0,1,0,CCX1
03-08-2026,X002818VG7,B0DKJZDY72,FBA79565,nexlev Cordless Vacuum Cleaner & Blower |BLDC Copper Motor |HEPA with Stainless Steel Cover | for Home Office & Car Cleaning|4 Attachments | Blower for Dust & Inflatables | Portable & Compact | VC-04,SELLABLE,3,0,0,0,0,0,0,0,0,0,0,0,3,0,DED4
03-08-2026,X002818VG7,B0DKJZDY72,FBA79565,nexlev Cordless Vacuum Cleaner & Blower |BLDC Copper Motor |HEPA with Stainless Steel Cover | for Home Office & Car Cleaning|4 Attachments | Blower for Dust & Inflatables | Portable & Compact | VC-04,SELLABLE,260,0,0,0,0,0,0,0,0,0,0,0,260,0,DEL4
03-08-2026,X002818VG7,B0DKJZDY72,FBA79565,nexlev Cordless Vacuum Cleaner & Blower |BLDC Copper Motor |HEPA with Stainless Steel Cover | for Home Office & Car Cleaning|4 Attachments | Blower for Dust & Inflatables | Portable & Compact | VC-04,SELLABLE,2,0,0,0,0,0,0,0,0,0,0,0,2,0,HYD3
03-08-2026,X002818VG7,B0DKJZDY72,FBA79565,nexlev Cordless Vacuum Cleaner & Blower |BLDC Copper Motor |HEPA with Stainless Steel Cover | for Home Office & Car Cleaning|4 Attachments | Blower for Dust & Inflatables | Portable & Compact | VC-04,SELLABLE,1,0,0,0,0,0,0,0,0,0,0,0,1,0,MAA4
03-08-2026,X00288T9H5,B0DKK15YNJ,FBA79573,NexLev Oil Applicator Comb|Red Led Light Therapy |Boost Hair Growth| Reduce Dandruff | Relieve Stress |High Vibration Corded Electric Scalp/Head Massager | 6 ML Oil Tank | 2 Hr Run-Time| Type-C|EA-02,SELLABLE,30,0,0,0,0,0,0,0,0,0,0,0,30,0,BLR7
03-08-2026,X00288T9H5,B0DKK15YNJ,FBA79573,NexLev Oil Applicator Comb|Red Led Light Therapy |Boost Hair Growth| Reduce Dandruff | Relieve Stress |High Vibration Corded Electric Scalp/Head Massager | 6 ML Oil Tank | 2 Hr Run-Time| Type-C|EA-02,SELLABLE,1,0,0,0,0,0,0,0,0,0,0,0,1,0,BLR8
03-08-2026,X00288T9H5,B0DKK15YNJ,FBA79573,NexLev Oil Applicator Comb|Red Led Light Therapy |Boost Hair Growth| Reduce Dandruff | Relieve Stress |High Vibration Corded Electric Scalp/Head Massager | 6 ML Oil Tank | 2 Hr Run-Time| Type-C|EA-02,SELLABLE,1,0,0,0,0,0,0,0,0,0,0,0,1,0,BOM5
03-08-2026,X00288T9H5,B0DKK15YNJ,FBA79573,NexLev Oil Applicator Comb|Red Led Light Therapy |Boost Hair Growth| Reduce Dandruff | Relieve Stress |High Vibration Corded Electric Scalp/Head Massager | 6 ML Oil Tank | 2 Hr Run-Time| Type-C|EA-02,SELLABLE,2,0,0,0,0,0,0,0,0,0,0,0,2,0,CCX1
03-08-2026,X00288T9H5,B0DKK15YNJ,FBA79573,NexLev Oil Applicator Comb|Red Led Light Therapy |Boost Hair Growth| Reduce Dandruff | Relieve Stress |High Vibration Corded Electric Scalp/Head Massager | 6 ML Oil Tank | 2 Hr Run-Time| Type-C|EA-02,SELLABLE,10,0,0,0,0,0,0,0,0,0,0,0,10,0,DEL5
03-08-2026,X00288T9H5,B0DKK15YNJ,FBA79573,NexLev Oil Applicator Comb|Red Led Light Therapy |Boost Hair Growth| Reduce Dandruff | Relieve Stress |High Vibration Corded Electric Scalp/Head Massager | 6 ML Oil Tank | 2 Hr Run-Time| Type-C|EA-02,SELLABLE,1,0,0,0,0,0,0,0,0,0,0,0,1,0,HYD8
03-08-2026,X0028K610L,B0CDPP45BM,FBA78981,"NexLev Steam Cleaner | For Complete Home Kitchen Bathroom Car Sofa & Office Cleaning Machine | 9 Accessories |300 ML | Window Pane, Sink, Chimney Grease, Water Stain Cleaner| 4 Mtr Cord | 1000W |SC-01",CUSTOMER_DAMAGED,3,0,0,0,0,0,0,0,0,0,0,0,3,0,BLR5
03-08-2026,X0028K610L,B0CDPP45BM,FBA78981,"NexLev Steam Cleaner | For Complete Home Kitchen Bathroom Car Sofa & Office Cleaning Machine | 9 Accessories |300 ML | Window Pane, Sink, Chimney Grease, Water Stain Cleaner| 4 Mtr Cord | 1000W |SC-01",SELLABLE,4,0,0,0,0,0,0,0,0,0,0,0,4,0,AMD2
03-08-2026,X0028K610L,B0CDPP45BM,FBA78981,"NexLev Steam Cleaner | For Complete Home Kitchen Bathroom Car Sofa & Office Cleaning Machine | 9 Accessories |300 ML | Window Pane, Sink, Chimney Grease, Water Stain Cleaner| 4 Mtr Cord | 1000W |SC-01",SELLABLE,8,0,0,-1,0,0,0,0,0,0,0,0,7,0,BLR7
03-08-2026,X0028K610L,B0CDPP45BM,FBA78981,"NexLev Steam Cleaner | For Complete Home Kitchen Bathroom Car Sofa & Office Cleaning Machine | 9 Accessories |300 ML | Window Pane, Sink, Chimney Grease, Water Stain Cleaner| 4 Mtr Cord | 1000W |SC-01",SELLABLE,7,0,0,-1,0,0,1,0,0,0,0,0,7,0,BLR8
03-08-2026,X0028K610L,B0CDPP45BM,FBA78981,"NexLev Steam Cleaner | For Complete Home Kitchen Bathroom Car Sofa & Office Cleaning Machine | 9 Accessories |300 ML | Window Pane, Sink, Chimney Grease, Water Stain Cleaner| 4 Mtr Cord | 1000W |SC-01",SELLABLE,12,0,0,0,0,0,0,0,0,0,0,0,12,0,BOM5
03-08-2026,X0028K610L,B0CDPP45BM,FBA78981,"NexLev Steam Cleaner | For Complete Home Kitchen Bathroom Car Sofa & Office Cleaning Machine | 9 Accessories |300 ML | Window Pane, Sink, Chimney Grease, Water Stain Cleaner| 4 Mtr Cord | 1000W |SC-01",SELLABLE,6,0,0,0,0,0,0,0,0,0,0,0,6,0,BOM7
03-08-2026,X0028K610L,B0CDPP45BM,FBA78981,"NexLev Steam Cleaner | For Complete Home Kitchen Bathroom Car Sofa & Office Cleaning Machine | 9 Accessories |300 ML | Window Pane, Sink, Chimney Grease, Water Stain Cleaner| 4 Mtr Cord | 1000W |SC-01",SELLABLE,5,0,0,0,0,0,0,0,0,0,0,0,5,0,CCX1
03-08-2026,X0028K610L,B0CDPP45BM,FBA78981,"NexLev Steam Cleaner | For Complete Home Kitchen Bathroom Car Sofa & Office Cleaning Machine | 9 Accessories |300 ML | Window Pane, Sink, Chimney Grease, Water Stain Cleaner| 4 Mtr Cord | 1000W |SC-01",SELLABLE,4,0,0,0,0,0,0,0,0,0,0,0,4,0,CJB1
03-08-2026,X0028K610L,B0CDPP45BM,FBA78981,"NexLev Steam Cleaner | For Complete Home Kitchen Bathroom Car Sofa & Office Cleaning Machine | 9 Accessories |300 ML | Window Pane, Sink, Chimney Grease, Water Stain Cleaner| 4 Mtr Cord | 1000W |SC-01",SELLABLE,6,0,0,0,0,0,0,0,0,0,0,0,6,0,DED4
03-08-2026,X0028K610L,B0CDPP45BM,FBA78981,"NexLev Steam Cleaner | For Complete Home Kitchen Bathroom Car Sofa & Office Cleaning Machine | 9 Accessories |300 ML | Window Pane, Sink, Chimney Grease, Water Stain Cleaner| 4 Mtr Cord | 1000W |SC-01",SELLABLE,4,0,0,0,0,0,0,0,0,0,0,0,4,0,DEL4
03-08-2026,X0028K610L,B0CDPP45BM,FBA78981,"NexLev Steam Cleaner | For Complete Home Kitchen Bathroom Car Sofa & Office Cleaning Machine | 9 Accessories |300 ML | Window Pane, Sink, Chimney Grease, Water Stain Cleaner| 4 Mtr Cord | 1000W |SC-01",SELLABLE,6,0,0,0,0,0,5,0,0,0,0,0,11,0,HYD3
03-08-2026,X0028K610L,B0CDPP45BM,FBA78981,"NexLev Steam Cleaner | For Complete Home Kitchen Bathroom Car Sofa & Office Cleaning Machine | 9 Accessories |300 ML | Window Pane, Sink, Chimney Grease, Water Stain Cleaner| 4 Mtr Cord | 1000W |SC-01",SELLABLE,6,0,0,0,0,0,0,0,0,0,0,0,6,0,HYD8
03-08-2026,X0028K610L,B0CDPP45BM,FBA78981,"NexLev Steam Cleaner | For Complete Home Kitchen Bathroom Car Sofa & Office Cleaning Machine | 9 Accessories |300 ML | Window Pane, Sink, Chimney Grease, Water Stain Cleaner| 4 Mtr Cord | 1000W |SC-01",SELLABLE,7,0,0,0,0,0,0,0,0,0,0,0,7,0,LKO1
03-08-2026,X0028K610L,B0CDPP45BM,FBA78981,"NexLev Steam Cleaner | For Complete Home Kitchen Bathroom Car Sofa & Office Cleaning Machine | 9 Accessories |300 ML | Window Pane, Sink, Chimney Grease, Water Stain Cleaner| 4 Mtr Cord | 1000W |SC-01",SELLABLE,7,0,0,0,0,0,0,0,0,0,0,0,7,0,MAA4
03-08-2026,X0028K610L,B0CDPP45BM,FBA78981,"NexLev Steam Cleaner | For Complete Home Kitchen Bathroom Car Sofa & Office Cleaning Machine | 9 Accessories |300 ML | Window Pane, Sink, Chimney Grease, Water Stain Cleaner| 4 Mtr Cord | 1000W |SC-01",SELLABLE,3,0,0,0,0,0,0,0,0,0,0,0,3,0,PNQ3
03-08-2026,X0028KKT1N,B0D9KDQCCM,FBA79349,nexlev Portable Sewing Machine| 2 Speed Settings| Cordless| Battery operated| USB Type C cord for Plug-in| Quick Fix DIY |Portable & Compact| for all Fabrics| 1 Year Warranty| STITCH & STYLE SW-01,CUSTOMER_DAMAGED,0,0,0,0,1,0,0,0,0,0,0,0,1,0,BLR5
03-08-2026,X0028KKT1N,B0D9KDQCCM,FBA79349,nexlev Portable Sewing Machine| 2 Speed Settings| Cordless| Battery operated| USB Type C cord for Plug-in| Quick Fix DIY |Portable & Compact| for all Fabrics| 1 Year Warranty| STITCH & STYLE SW-01,DEFECTIVE,1,0,0,0,0,0,0,0,0,0,0,0,1,0,BOM5
03-08-2026,X0028KKT1N,B0D9KDQCCM,FBA79349,nexlev Portable Sewing Machine| 2 Speed Settings| Cordless| Battery operated| USB Type C cord for Plug-in| Quick Fix DIY |Portable & Compact| for all Fabrics| 1 Year Warranty| STITCH & STYLE SW-01,SELLABLE,3,0,0,0,0,0,0,0,0,0,0,0,3,0,BLR7
03-08-2026,X0028KKT1N,B0D9KDQCCM,FBA79349,nexlev Portable Sewing Machine| 2 Speed Settings| Cordless| Battery operated| USB Type C cord for Plug-in| Quick Fix DIY |Portable & Compact| for all Fabrics| 1 Year Warranty| STITCH & STYLE SW-01,SELLABLE,1,0,0,0,0,0,0,0,0,0,0,0,1,0,CCX1
03-08-2026,X0028WZ12D,B0CQX9ZZMH,FBA79229,NexLev Handheld Garment Steamer |1800 Watts | 25 g/min | 300 ML | Vertical & Horizontal Ironing for Silk Velvet & | Damage Free Steam for all Cloth Types | 25sec quick heat | 3 Brushes | GS-04,SELLABLE,1,0,0,0,0,0,0,0,0,0,0,0,1,0,BLR8
03-08-2026,X0028WZ12D,B0CQX9ZZMH,FBA79229,NexLev Handheld Garment Steamer |1800 Watts | 25 g/min | 300 ML | Vertical & Horizontal Ironing for Silk Velvet & | Damage Free Steam for all Cloth Types | 25sec quick heat | 3 Brushes | GS-04,SELLABLE,2,0,0,0,0,0,0,0,0,0,0,0,2,0,BOM5
03-08-2026,X0028X0MWV,B0D2P7WLJB,FBA79374,"NexLev Smart Electric Toothbrush for Adults |2-Min Timer with Quadpacer |2 Replaceable Heads | AAA Battery |3 Modes (Daily, Normal & Sesitive) |Upto 60 Days | Travel Case | Soft Bristles |ET-02 Green",SELLABLE,8,0,0,0,0,0,0,0,0,0,0,0,8,0,BOM5
03-08-2026,X0028X0MWV,B0D2P7WLJB,FBA79374,"NexLev Smart Electric Toothbrush for Adults |2-Min Timer with Quadpacer |2 Replaceable Heads | AAA Battery |3 Modes (Daily, Normal & Sesitive) |Upto 60 Days | Travel Case | Soft Bristles |ET-02 Green",SELLABLE,0,30,0,0,0,0,0,0,0,0,0,0,0,0,ISK3
03-08-2026,X0028X0MYJ,B0DKJSCLBD,FBA79566,"nexlev Cordless Wet & Dry Vacuum Cleaner|For Home Car & Office Use|3 Attachments | 4000 mAh Battery|Quick Cleaning of Desk, Coffee tea or Water Spill | Compact & Portable | VC-05",SELLABLE,16,0,0,0,0,0,0,0,0,0,0,0,16,0,BOM5
03-08-2026,X0028X0MYJ,B0DKJSCLBD,FBA79566,"nexlev Cordless Wet & Dry Vacuum Cleaner|For Home Car & Office Use|3 Attachments | 4000 mAh Battery|Quick Cleaning of Desk, Coffee tea or Water Spill | Compact & Portable | VC-05",SELLABLE,1,0,0,0,0,0,0,0,0,0,0,0,1,0,CCX1
03-08-2026,X0028X0MYJ,B0DKJSCLBD,FBA79566,"nexlev Cordless Wet & Dry Vacuum Cleaner|For Home Car & Office Use|3 Attachments | 4000 mAh Battery|Quick Cleaning of Desk, Coffee tea or Water Spill | Compact & Portable | VC-05",SELLABLE,3,0,0,0,0,0,0,0,0,0,0,0,3,0,HYD8
03-08-2026,X0028X0MYJ,B0DKJSCLBD,FBA79566,"nexlev Cordless Wet & Dry Vacuum Cleaner|For Home Car & Office Use|3 Attachments | 4000 mAh Battery|Quick Cleaning of Desk, Coffee tea or Water Spill | Compact & Portable | VC-05",SELLABLE,2,0,0,0,0,0,0,0,0,0,0,0,2,0,LKO1
03-08-2026,X0028X0MYJ,B0DKJSCLBD,FBA79566,"nexlev Cordless Wet & Dry Vacuum Cleaner|For Home Car & Office Use|3 Attachments | 4000 mAh Battery|Quick Cleaning of Desk, Coffee tea or Water Spill | Compact & Portable | VC-05",SELLABLE,15,0,0,0,0,0,0,0,0,0,0,0,15,0,MAA4
03-08-2026,X0028X0MYJ,B0DKJSCLBD,FBA79566,"nexlev Cordless Wet & Dry Vacuum Cleaner|For Home Car & Office Use|3 Attachments | 4000 mAh Battery|Quick Cleaning of Desk, Coffee tea or Water Spill | Compact & Portable | VC-05",SELLABLE,2,0,0,0,0,0,0,0,0,0,0,0,2,0,PNQ3
03-08-2026,X0028X0P69,B0D9KFQG8Q,FBA79443,"Nexlev Skin Scrubber |Red & Blue LED Therapy| Blackhead Remover| Pore Cleaner| Skin Lifting & tightening, wrinkle remover| 2 Silicone Cleaning Heads| Facial Cleansing|Type C Charging| Elixir Pro LE-03",SELLABLE,1,0,0,0,0,0,0,0,0,0,0,0,1,0,BLR7
03-08-2026,X0028X0P9B,B0DNJJKBKG,FBA79598,NexLev Neck & Back Massager | Deep Tissue Shiatsu Roller | Cervical Pain Relief | 3 Speeds | 8 Kneading Nodes | Quick Pain Relief | Auto Shut Off | 1 year Warranty | BM-02,SELLABLE,6,0,0,0,0,0,0,0,0,0,0,0,6,0,BLR7
03-08-2026,X0028X0P9B,B0DNJJKBKG,FBA79598,NexLev Neck & Back Massager | Deep Tissue Shiatsu Roller | Cervical Pain Relief | 3 Speeds | 8 Kneading Nodes | Quick Pain Relief | Auto Shut Off | 1 year Warranty | BM-02,SELLABLE,1,0,0,0,0,0,0,0,0,0,0,0,1,0,LKO1
03-08-2026,X0028X1G71,B0DCK56Q85,FBA79463,"NexLev Cordless Vacuum Cleaner|HEPA with Stainless Steel Cover|6000 mAh|Copper Motor| Rechargeable Type C|Ideal for Home, Office & Car Use|Compact & Portable|Dust & Pet Hair Remover|3 Attachment|VC-02",SELLABLE,1,0,0,0,0,0,0,0,0,0,0,0,1,0,AMD2
03-08-2026,X0028X1G71,B0DCK56Q85,FBA79463,"NexLev Cordless Vacuum Cleaner|HEPA with Stainless Steel Cover|6000 mAh|Copper Motor| Rechargeable Type C|Ideal for Home, Office & Car Use|Compact & Portable|Dust & Pet Hair Remover|3 Attachment|VC-02",SELLABLE,0,0,0,0,0,0,3,0,0,0,0,0,3,0,BLR8
03-08-2026,X0028X1G71,B0DCK56Q85,FBA79463,"NexLev Cordless Vacuum Cleaner|HEPA with Stainless Steel Cover|6000 mAh|Copper Motor| Rechargeable Type C|Ideal for Home, Office & Car Use|Compact & Portable|Dust & Pet Hair Remover|3 Attachment|VC-02",SELLABLE,1,0,0,0,0,0,0,0,0,0,0,0,1,0,BOM5
03-08-2026,X0028X1G71,B0DCK56Q85,FBA79463,"NexLev Cordless Vacuum Cleaner|HEPA with Stainless Steel Cover|6000 mAh|Copper Motor| Rechargeable Type C|Ideal for Home, Office & Car Use|Compact & Portable|Dust & Pet Hair Remover|3 Attachment|VC-02",SELLABLE,0,0,0,0,0,0,1,0,0,0,0,0,1,0,BOM7
03-08-2026,X0028X1G71,B0DCK56Q85,FBA79463,"NexLev Cordless Vacuum Cleaner|HEPA with Stainless Steel Cover|6000 mAh|Copper Motor| Rechargeable Type C|Ideal for Home, Office & Car Use|Compact & Portable|Dust & Pet Hair Remover|3 Attachment|VC-02",SELLABLE,0,0,0,0,0,0,3,0,0,0,0,0,3,0,HYD3
03-08-2026,X0028X1G71,B0DCK56Q85,FBA79463,"NexLev Cordless Vacuum Cleaner|HEPA with Stainless Steel Cover|6000 mAh|Copper Motor| Rechargeable Type C|Ideal for Home, Office & Car Use|Compact & Portable|Dust & Pet Hair Remover|3 Attachment|VC-02",SELLABLE,0,6,0,0,0,0,0,0,0,0,0,0,0,0,ISK3
03-08-2026,X0028X1G71,B0DCK56Q85,FBA79463,"NexLev Cordless Vacuum Cleaner|HEPA with Stainless Steel Cover|6000 mAh|Copper Motor| Rechargeable Type C|Ideal for Home, Office & Car Use|Compact & Portable|Dust & Pet Hair Remover|3 Attachment|VC-02",SELLABLE,0,0,0,0,0,0,4,0,0,0,0,0,4,0,MAA4
03-08-2026,X0028X1G71,B0DCK56Q85,FBA79463,"NexLev Cordless Vacuum Cleaner|HEPA with Stainless Steel Cover|6000 mAh|Copper Motor| Rechargeable Type C|Ideal for Home, Office & Car Use|Compact & Portable|Dust & Pet Hair Remover|3 Attachment|VC-02",SELLABLE,1,0,0,0,0,0,0,0,0,0,0,0,1,0,PNQ3
03-08-2026,X0028X1G7L,B0D83Q7L8W,FBA79271,"NexLev Ionic Hot Air Brush | 3 in 1 Blow Dryer, Straightener & Styler | 360° Airflow Vents | Ceramic Tourmaline Coated Brushing Head | Tangle Free Bristle | 1200W | 3 Speed & 2 Heat Settings|V-01",SELLABLE,4,0,0,0,0,0,0,0,0,0,0,0,4,0,BLR7
03-08-2026,X0028X1G7L,B0D83Q7L8W,FBA79271,"NexLev Ionic Hot Air Brush | 3 in 1 Blow Dryer, Straightener & Styler | 360° Airflow Vents | Ceramic Tourmaline Coated Brushing Head | Tangle Free Bristle | 1200W | 3 Speed & 2 Heat Settings|V-01",SELLABLE,2,0,0,0,0,0,0,0,0,0,0,0,2,0,BOM5
03-08-2026,X0028X1G7L,B0D83Q7L8W,FBA79271,"NexLev Ionic Hot Air Brush | 3 in 1 Blow Dryer, Straightener & Styler | 360° Airflow Vents | Ceramic Tourmaline Coated Brushing Head | Tangle Free Bristle | 1200W | 3 Speed & 2 Heat Settings|V-01",SELLABLE,5,0,0,0,0,0,0,0,0,0,0,0,5,0,CCX1
03-08-2026,X0028X1G7L,B0D83Q7L8W,FBA79271,"NexLev Ionic Hot Air Brush | 3 in 1 Blow Dryer, Straightener & Styler | 360° Airflow Vents | Ceramic Tourmaline Coated Brushing Head | Tangle Free Bristle | 1200W | 3 Speed & 2 Heat Settings|V-01",SELLABLE,5,0,0,0,0,0,0,0,0,0,0,0,5,0,PNQ3
03-08-2026,X0028X1G99,B0DQCWRG3H,FBA79493,nexlev Ionic 3 In 1 Hot Air Brush|1.5 Inch Barrel|Volumizer Blow Dry & Style|Ceramic Tourmaline Coated For Heat Protection|1200 Watts|Dual Bristle For Tangle Free Styling|Salon Like Soft Curl|V-03,SELLABLE,6,0,0,0,0,0,0,0,0,0,0,0,6,0,AMD2
03-08-2026,X0028X1G99,B0DQCWRG3H,FBA79493,nexlev Ionic 3 In 1 Hot Air Brush|1.5 Inch Barrel|Volumizer Blow Dry & Style|Ceramic Tourmaline Coated For Heat Protection|1200 Watts|Dual Bristle For Tangle Free Styling|Salon Like Soft Curl|V-03,SELLABLE,8,0,0,0,0,0,0,0,0,0,0,0,8,0,BOM5
03-08-2026,X0028X1G99,B0DQCWRG3H,FBA79493,nexlev Ionic 3 In 1 Hot Air Brush|1.5 Inch Barrel|Volumizer Blow Dry & Style|Ceramic Tourmaline Coated For Heat Protection|1200 Watts|Dual Bristle For Tangle Free Styling|Salon Like Soft Curl|V-03,SELLABLE,1,0,0,0,0,0,0,0,0,0,0,0,1,0,BOM7
03-08-2026,X0028X1G99,B0DQCWRG3H,FBA79493,nexlev Ionic 3 In 1 Hot Air Brush|1.5 Inch Barrel|Volumizer Blow Dry & Style|Ceramic Tourmaline Coated For Heat Protection|1200 Watts|Dual Bristle For Tangle Free Styling|Salon Like Soft Curl|V-03,SELLABLE,8,0,0,0,0,0,0,0,0,0,0,0,8,0,CCX1
03-08-2026,X0028X1G99,B0DQCWRG3H,FBA79493,nexlev Ionic 3 In 1 Hot Air Brush|1.5 Inch Barrel|Volumizer Blow Dry & Style|Ceramic Tourmaline Coated For Heat Protection|1200 Watts|Dual Bristle For Tangle Free Styling|Salon Like Soft Curl|V-03,SELLABLE,47,0,0,0,0,0,0,0,0,0,0,0,47,0,CJB1
03-08-2026,X0028X1G99,B0DQCWRG3H,FBA79493,nexlev Ionic 3 In 1 Hot Air Brush|1.5 Inch Barrel|Volumizer Blow Dry & Style|Ceramic Tourmaline Coated For Heat Protection|1200 Watts|Dual Bristle For Tangle Free Styling|Salon Like Soft Curl|V-03,SELLABLE,9,0,0,0,0,0,0,0,0,0,0,0,9,0,DED4
03-08-2026,X0028X1G99,B0DQCWRG3H,FBA79493,nexlev Ionic 3 In 1 Hot Air Brush|1.5 Inch Barrel|Volumizer Blow Dry & Style|Ceramic Tourmaline Coated For Heat Protection|1200 Watts|Dual Bristle For Tangle Free Styling|Salon Like Soft Curl|V-03,SELLABLE,10,0,0,0,0,0,0,0,0,0,0,0,10,0,DEL4
03-08-2026,X0028X1G99,B0DQCWRG3H,FBA79493,nexlev Ionic 3 In 1 Hot Air Brush|1.5 Inch Barrel|Volumizer Blow Dry & Style|Ceramic Tourmaline Coated For Heat Protection|1200 Watts|Dual Bristle For Tangle Free Styling|Salon Like Soft Curl|V-03,SELLABLE,12,0,0,0,0,0,0,0,0,0,0,0,12,0,DEL5
03-08-2026,X0028X1G99,B0DQCWRG3H,FBA79493,nexlev Ionic 3 In 1 Hot Air Brush|1.5 Inch Barrel|Volumizer Blow Dry & Style|Ceramic Tourmaline Coated For Heat Protection|1200 Watts|Dual Bristle For Tangle Free Styling|Salon Like Soft Curl|V-03,SELLABLE,6,0,0,0,0,0,0,0,0,0,0,0,6,0,HYD8
03-08-2026,X0028X1G99,B0DQCWRG3H,FBA79493,nexlev Ionic 3 In 1 Hot Air Brush|1.5 Inch Barrel|Volumizer Blow Dry & Style|Ceramic Tourmaline Coated For Heat Protection|1200 Watts|Dual Bristle For Tangle Free Styling|Salon Like Soft Curl|V-03,SELLABLE,9,0,0,0,0,0,0,0,0,0,0,0,9,0,LKO1
03-08-2026,X0028X1G99,B0DQCWRG3H,FBA79493,nexlev Ionic 3 In 1 Hot Air Brush|1.5 Inch Barrel|Volumizer Blow Dry & Style|Ceramic Tourmaline Coated For Heat Protection|1200 Watts|Dual Bristle For Tangle Free Styling|Salon Like Soft Curl|V-03,SELLABLE,2,0,0,0,0,0,0,0,0,0,0,0,2,0,MAA4
03-08-2026,X0028X1G99,B0DQCWRG3H,FBA79493,nexlev Ionic 3 In 1 Hot Air Brush|1.5 Inch Barrel|Volumizer Blow Dry & Style|Ceramic Tourmaline Coated For Heat Protection|1200 Watts|Dual Bristle For Tangle Free Styling|Salon Like Soft Curl|V-03,SELLABLE,11,0,0,0,0,0,0,0,0,0,0,0,11,0,PNQ3
03-08-2026,X0028X1GDP,B0DFM4JZV9,FBA79466,"Nexlev Tyre Inflator for Car | Touch Control |150 PSI |12V DC| 4 Nozzles | Digital Tyre Pressure Gauge| Carry Bag | Suitable for Bike, Bicycle or Any Inflatable | Emergency LED Light | TI-01",SELLABLE,1,0,0,0,0,0,0,0,0,0,0,0,1,0,AMD2
03-08-2026,X0028X1GDP,B0DFM4JZV9,FBA79466,"Nexlev Tyre Inflator for Car | Touch Control |150 PSI |12V DC| 4 Nozzles | Digital Tyre Pressure Gauge| Carry Bag | Suitable for Bike, Bicycle or Any Inflatable | Emergency LED Light | TI-01",SELLABLE,1,0,0,0,0,0,0,0,0,0,0,0,1,0,MAA4
03-08-2026,X0028X1QYJ,B0D2P5TGWK,FBA79373,"nexlev Smart Electric Toothbrush for Adults |2-Min Timer with Quadpacer |2 Replaceable Heads | AAA Battery |3 Modes (Daily, Normal & Sesitive) |Upto 60 Days | Travel Case | Soft Bristles |ET-01 Black",CARRIER_DAMAGED,1,0,0,0,0,0,0,0,0,0,0,0,1,0,DEL2
03-08-2026,X0028X1QYJ,B0D2P5TGWK,FBA79373,"nexlev Smart Electric Toothbrush for Adults |2-Min Timer with Quadpacer |2 Replaceable Heads | AAA Battery |3 Modes (Daily, Normal & Sesitive) |Upto 60 Days | Travel Case | Soft Bristles |ET-01 Black",SELLABLE,50,0,0,0,0,0,0,0,0,0,0,0,50,0,BOM5
03-08-2026,X0028X1R5H,B0DCGHKRXX,FBA79440,NexLev LED Phototherapy comb | Electric Scalp Massager | Red Light for Regrowth | Blue Light for Anti Dandruff | Hairfall Control | Rechargeable TypeC | Targeted Laser Treatment Machine |3 Modes |LE-02,CARRIER_DAMAGED,1,0,0,0,0,0,0,0,0,0,0,0,1,0,BOM7
03-08-2026,X0028X1R5H,B0DCGHKRXX,FBA79440,NexLev LED Phototherapy comb | Electric Scalp Massager | Red Light for Regrowth | Blue Light for Anti Dandruff | Hairfall Control | Rechargeable TypeC | Targeted Laser Treatment Machine |3 Modes |LE-02,SELLABLE,2,0,0,0,0,0,0,0,0,0,0,0,2,0,BLR7
03-08-2026,X0028X1R5H,B0DCGHKRXX,FBA79440,NexLev LED Phototherapy comb | Electric Scalp Massager | Red Light for Regrowth | Blue Light for Anti Dandruff | Hairfall Control | Rechargeable TypeC | Targeted Laser Treatment Machine |3 Modes |LE-02,SELLABLE,62,0,0,0,0,0,0,0,0,0,0,0,62,0,BOM7
03-08-2026,X0028X1R5H,B0DCGHKRXX,FBA79440,NexLev LED Phototherapy comb | Electric Scalp Massager | Red Light for Regrowth | Blue Light for Anti Dandruff | Hairfall Control | Rechargeable TypeC | Targeted Laser Treatment Machine |3 Modes |LE-02,SELLABLE,58,0,0,0,0,0,0,0,0,0,0,0,58,0,DED4
03-08-2026,X0028X1R5H,B0DCGHKRXX,FBA79440,NexLev LED Phototherapy comb | Electric Scalp Massager | Red Light for Regrowth | Blue Light for Anti Dandruff | Hairfall Control | Rechargeable TypeC | Targeted Laser Treatment Machine |3 Modes |LE-02,SELLABLE,199,0,0,0,0,0,0,0,0,0,0,0,199,0,HYD3
03-08-2026,X0028X1R5H,B0DCGHKRXX,FBA79440,NexLev LED Phototherapy comb | Electric Scalp Massager | Red Light for Regrowth | Blue Light for Anti Dandruff | Hairfall Control | Rechargeable TypeC | Targeted Laser Treatment Machine |3 Modes |LE-02,SELLABLE,18,0,0,0,0,0,0,0,0,0,0,0,18,0,HYD8
03-08-2026,X0028X1WGL,B0D2LKB4BJ,FBA79273,"Nexlev Hair Styling Straightener & Curler| 2 in 1 Hair Styler| 200°C in 30 Seconds| Long Ceramic Floating Plates| Rounded Body for Curls| Plate lock| Portable |HS-02, Hair Straightener Tong - Purple",SELLABLE,12,0,0,0,0,0,0,0,0,0,0,0,12,0,HYD8
03-08-2026,X0028X1WHZ,B0CDQ6G4TC,FBA78996,"nexlev Travel Neck Pillow | Orthopedic Premium Memory Foam | for Airplane, Car, Train, Office use & Cervical Pain | Machine Washable | 360 Support | Carry Pouch for Storage | NP-03",SELLABLE,1,0,0,0,0,0,0,0,0,0,0,0,1,0,BOM5
03-08-2026,X0028X1WKH,B0DQ8W1RBV,FBK79271,nexlev Ionic Volumizer|3 In 1 Hot Air Brush To Straight Dry & Volumize|1200 Watts|Reduce Frizz|Ceramic Tourmaline Coated Large Barrel|Salon Like Soft Curl At Home|3 Speed & 2 Heat Settings|V-01 RG,CARRIER_DAMAGED,2,0,0,0,0,0,0,0,0,0,0,0,2,0,BLR5
03-08-2026,X0028X1WKH,B0DQ8W1RBV,FBK79271,nexlev Ionic Volumizer|3 In 1 Hot Air Brush To Straight Dry & Volumize|1200 Watts|Reduce Frizz|Ceramic Tourmaline Coated Large Barrel|Salon Like Soft Curl At Home|3 Speed & 2 Heat Settings|V-01 RG,CARRIER_DAMAGED,1,0,0,0,0,0,0,0,0,0,0,0,1,0,PNQ3
03-08-2026,X0028X1WKH,B0DQ8W1RBV,FBK79271,nexlev Ionic Volumizer|3 In 1 Hot Air Brush To Straight Dry & Volumize|1200 Watts|Reduce Frizz|Ceramic Tourmaline Coated Large Barrel|Salon Like Soft Curl At Home|3 Speed & 2 Heat Settings|V-01 RG,SELLABLE,24,0,0,0,0,0,0,0,0,0,0,0,24,0,AMD2
03-08-2026,X0028X1WKH,B0DQ8W1RBV,FBK79271,nexlev Ionic Volumizer|3 In 1 Hot Air Brush To Straight Dry & Volumize|1200 Watts|Reduce Frizz|Ceramic Tourmaline Coated Large Barrel|Salon Like Soft Curl At Home|3 Speed & 2 Heat Settings|V-01 RG,SELLABLE,1,0,0,0,0,0,0,0,0,0,0,0,1,0,HYD3
03-08-2026,X0028X1WL1,B0DK9LYT4P,FBA79467,NexLev Beard Trimmer| 90min Run Time| 40 Length Settings| 0.5mm Precision| Washable Stainless Steel Blades| Copper Motor| USB Type-C| IPX7 Waterproof| Travel Lock| 2 Beard Comb| 1 Year Warranty |TM-01,SELLABLE,1,0,0,0,0,0,0,0,0,0,0,0,1,0,BOM5
03-08-2026,X0028X1WLB,B0D8445KJN,FBA79279,"nexlev Rechargeable Lint Remover | For Woollen Sweaters Pill, Rue & Burr Remover | 60min Use Time | Type C |Defuzzer | Lint Brush for Coat | 2 Modes | SS Blade | Safety Lock | LR-01",CARRIER_DAMAGED,1,0,0,0,0,0,0,0,0,0,0,0,1,0,BLR5
03-08-2026,X0028X1WLB,B0D8445KJN,FBA79279,"nexlev Rechargeable Lint Remover | For Woollen Sweaters Pill, Rue & Burr Remover | 60min Use Time | Type C |Defuzzer | Lint Brush for Coat | 2 Modes | SS Blade | Safety Lock | LR-01",SELLABLE,2,0,0,0,0,0,0,0,0,0,0,0,2,0,AMD2
03-08-2026,X0028X1WLB,B0D8445KJN,FBA79279,"nexlev Rechargeable Lint Remover | For Woollen Sweaters Pill, Rue & Burr Remover | 60min Use Time | Type C |Defuzzer | Lint Brush for Coat | 2 Modes | SS Blade | Safety Lock | LR-01",SELLABLE,1,0,0,0,0,0,0,0,0,0,0,0,1,0,BLR8
03-08-2026,X0028X1WLB,B0D8445KJN,FBA79279,"nexlev Rechargeable Lint Remover | For Woollen Sweaters Pill, Rue & Burr Remover | 60min Use Time | Type C |Defuzzer | Lint Brush for Coat | 2 Modes | SS Blade | Safety Lock | LR-01",SELLABLE,1,0,0,0,0,0,0,0,0,0,0,0,1,0,BOM5
03-08-2026,X0028X1WLB,B0D8445KJN,FBA79279,"nexlev Rechargeable Lint Remover | For Woollen Sweaters Pill, Rue & Burr Remover | 60min Use Time | Type C |Defuzzer | Lint Brush for Coat | 2 Modes | SS Blade | Safety Lock | LR-01",SELLABLE,2,0,0,0,0,0,0,0,0,0,0,0,2,0,BOM7
03-08-2026,X0028X1WLB,B0D8445KJN,FBA79279,"nexlev Rechargeable Lint Remover | For Woollen Sweaters Pill, Rue & Burr Remover | 60min Use Time | Type C |Defuzzer | Lint Brush for Coat | 2 Modes | SS Blade | Safety Lock | LR-01",SELLABLE,1,0,0,0,0,0,0,0,0,0,0,0,1,0,CCX1
03-08-2026,X0028X1WLB,B0D8445KJN,FBA79279,"nexlev Rechargeable Lint Remover | For Woollen Sweaters Pill, Rue & Burr Remover | 60min Use Time | Type C |Defuzzer | Lint Brush for Coat | 2 Modes | SS Blade | Safety Lock | LR-01",SELLABLE,3,0,0,0,0,0,0,0,0,0,0,0,3,0,CJB1
03-08-2026,X0028X1WLB,B0D8445KJN,FBA79279,"nexlev Rechargeable Lint Remover | For Woollen Sweaters Pill, Rue & Burr Remover | 60min Use Time | Type C |Defuzzer | Lint Brush for Coat | 2 Modes | SS Blade | Safety Lock | LR-01",SELLABLE,2,0,0,0,0,0,0,0,0,0,0,0,2,0,DED4
03-08-2026,X0028X1WLB,B0D8445KJN,FBA79279,"nexlev Rechargeable Lint Remover | For Woollen Sweaters Pill, Rue & Burr Remover | 60min Use Time | Type C |Defuzzer | Lint Brush for Coat | 2 Modes | SS Blade | Safety Lock | LR-01",SELLABLE,2,0,0,0,0,0,0,0,0,0,0,0,2,0,DEL4
03-08-2026,X0028X1WLB,B0D8445KJN,FBA79279,"nexlev Rechargeable Lint Remover | For Woollen Sweaters Pill, Rue & Burr Remover | 60min Use Time | Type C |Defuzzer | Lint Brush for Coat | 2 Modes | SS Blade | Safety Lock | LR-01",SELLABLE,2,0,0,0,0,0,0,0,0,0,0,0,2,0,DEL5
03-08-2026,X0028X1WLB,B0D8445KJN,FBA79279,"nexlev Rechargeable Lint Remover | For Woollen Sweaters Pill, Rue & Burr Remover | 60min Use Time | Type C |Defuzzer | Lint Brush for Coat | 2 Modes | SS Blade | Safety Lock | LR-01",SELLABLE,1,0,0,0,0,0,0,0,0,0,0,0,1,0,PNQ3
03-08-2026,X0028X1WLV,B0DNJF1BLS,FBA79484,NexLev Drip Coffee Maker |Filter Coffee for Home & Office | 4-6 Cups | Warming Plate|Borosilicate Carafe | Reusable & Washable Filter | Anti Drip | 750 ml | Cone Filter | Water Level Indicator |CF-01,SELLABLE,1,0,0,0,0,0,0,0,0,0,0,0,1,0,LKO1
03-08-2026,X0028X1WLV,B0DNJF1BLS,FBA79484,NexLev Drip Coffee Maker |Filter Coffee for Home & Office | 4-6 Cups | Warming Plate|Borosilicate Carafe | Reusable & Washable Filter | Anti Drip | 750 ml | Cone Filter | Water Level Indicator |CF-01,SELLABLE,1,0,0,0,0,0,0,0,0,0,0,0,1,0,PNQ3
03-08-2026,X0028X1WNT,B0DCK3N2JJ,FBA79406,"NexLev Ionic Cordless Hair Straightener Brush | 60min Runtime | upto 200° Heating | Portable & Type C Rechargeable | Keratin Bristles |Straight, Frizz Free & Shiny Hair | Compact Comb Design | HSB-04",SELLABLE,27,0,0,0,0,0,0,0,0,0,0,0,27,0,BLR8
03-08-2026,X0028X1WNT,B0DCK3N2JJ,FBA79406,"NexLev Ionic Cordless Hair Straightener Brush | 60min Runtime | upto 200° Heating | Portable & Type C Rechargeable | Keratin Bristles |Straight, Frizz Free & Shiny Hair | Compact Comb Design | HSB-04",SELLABLE,28,0,0,0,0,0,0,0,0,0,0,0,28,0,BOM5
03-08-2026,X0028X1WNT,B0DCK3N2JJ,FBA79406,"NexLev Ionic Cordless Hair Straightener Brush | 60min Runtime | upto 200° Heating | Portable & Type C Rechargeable | Keratin Bristles |Straight, Frizz Free & Shiny Hair | Compact Comb Design | HSB-04",SELLABLE,1,0,0,0,0,0,0,0,0,0,0,0,1,0,CCX1
03-08-2026,X0028X1YD7,B0D2LHNS9B,FBA79265,"NexLev Foot Callus Remover | Electric Scrubber & Shaver for Dead, Hard & Cracked Skin | Professional Pedicure at Home | Waterproof | Type C | 3 Crystal Quartz Heads | For Men and Women| CR-01",SELLABLE,0,20,0,0,0,0,0,0,0,0,0,0,0,0,ISK3
03-08-2026,X0028X1YFZ,B0D672NXC8,FBA79277,"Nexlev SWIPE Steam Cleaner | 3.5 Bar Strong Steam|Multipurpose Steam Cleaner for Car, Kitchen, Bathroom, Floor, Window, Glass, Upholstery| 8 Accessories Kit|Safety Lock| Large 700ML Water Tank | SC-03",SELLABLE,10,0,0,0,0,0,0,0,0,0,0,0,10,0,BLR8
03-08-2026,X0028X1YFZ,B0D672NXC8,FBA79277,"Nexlev SWIPE Steam Cleaner | 3.5 Bar Strong Steam|Multipurpose Steam Cleaner for Car, Kitchen, Bathroom, Floor, Window, Glass, Upholstery| 8 Accessories Kit|Safety Lock| Large 700ML Water Tank | SC-03",SELLABLE,2,0,0,0,0,0,0,0,0,0,0,0,2,0,BOM5
03-08-2026,X0028X1YFZ,B0D672NXC8,FBA79277,"Nexlev SWIPE Steam Cleaner | 3.5 Bar Strong Steam|Multipurpose Steam Cleaner for Car, Kitchen, Bathroom, Floor, Window, Glass, Upholstery| 8 Accessories Kit|Safety Lock| Large 700ML Water Tank | SC-03",SELLABLE,5,0,0,0,0,0,0,0,0,0,0,0,5,0,DEL4
03-08-2026,X0028X1YFZ,B0D672NXC8,FBA79277,"Nexlev SWIPE Steam Cleaner | 3.5 Bar Strong Steam|Multipurpose Steam Cleaner for Car, Kitchen, Bathroom, Floor, Window, Glass, Upholstery| 8 Accessories Kit|Safety Lock| Large 700ML Water Tank | SC-03",SELLABLE,6,0,0,0,0,0,0,0,0,0,0,0,6,0,HYD3
03-08-2026,X0028X1YHD,B0CDQ98FDM,FBA78994,"nexlev Travel Neck Pillow | Orthopedic Premium Memory Foam | for Airplane, Car, Train, Office use & Cervical Pain | Machine Washable | 360 Support | Carry Pouch for Storage | NP-01",SELLABLE,1,0,0,0,0,0,0,0,0,0,0,0,1,0,BLR7
03-08-2026,X0028X1YHN,B0DK9NRBWJ,FBA79483,NexLev Intimate Trimmer for Men|Ceramic Blade|120 Min Runtime|Type C Charge | IPX7 Waterproof | 7000RPM Copper Motor| Cordless|LED Light| Travel Lock| Wet/Dry Groin & Body Shaver | Intimate Pro TM-03,SELLABLE,20,0,0,0,0,0,0,0,0,0,0,0,20,0,HYD8
03-08-2026,X0028X1YHX,B0DCK4DR1B,FBA79469,Nexlev Skin Lift Device | 7 Color LED | Face & Neck Skin Lifting| 3 Massage Modes| Face Sculpting Tool |Micro-currents to reduce Wrinkles| Hot Compress | Rechargeable| Type-C| 180 Min Use| Glow+ LE-04,SELLABLE,2,0,0,0,0,0,0,0,0,0,0,0,2,0,AMD2
03-08-2026,X0028X1YHX,B0DCK4DR1B,FBA79469,Nexlev Skin Lift Device | 7 Color LED | Face & Neck Skin Lifting| 3 Massage Modes| Face Sculpting Tool |Micro-currents to reduce Wrinkles| Hot Compress | Rechargeable| Type-C| 180 Min Use| Glow+ LE-04,SELLABLE,10,0,0,0,0,0,0,0,0,0,0,0,10,0,CCX1
03-08-2026,X0028X1YHX,B0DCK4DR1B,FBA79469,Nexlev Skin Lift Device | 7 Color LED | Face & Neck Skin Lifting| 3 Massage Modes| Face Sculpting Tool |Micro-currents to reduce Wrinkles| Hot Compress | Rechargeable| Type-C| 180 Min Use| Glow+ LE-04,SELLABLE,1,0,0,-1,0,0,0,0,0,0,0,0,0,0,MAA4
03-08-2026,X0028X1YNH,B0DFMRG2K4,FBA79481,"NexLev All in One Body Trimmer for Men | Suitable for Beard, Body, Balls, Pubic Hair, Private Parts | 90 Min Runtime |Type C | IPX 7 Waterproof | No Nicks No Cuts | 2 Safety Combs| Extra Blade | TM-02",SELLABLE,1,0,0,0,0,0,0,0,0,0,0,0,1,0,BOM7
03-08-2026,X0028X1YPF,B0DDC3GVZW,FBA79480,nexlev Cordless Electric Car Vacuum Cleaner VacuSafe| Seat-Belt Cutter| Window Breaker Hammer| LED Torch|4000 mAh| High Power Suction | Copper motor| Type-C Emergency Car Escape Tool| Portable| VC-03,SELLABLE,1,0,0,0,0,0,0,0,0,0,0,0,1,0,AMD2
03-08-2026,X0028X1YPF,B0DDC3GVZW,FBA79480,nexlev Cordless Electric Car Vacuum Cleaner VacuSafe| Seat-Belt Cutter| Window Breaker Hammer| LED Torch|4000 mAh| High Power Suction | Copper motor| Type-C Emergency Car Escape Tool| Portable| VC-03,SELLABLE,20,0,0,0,0,0,0,0,0,0,0,0,20,0,BOM7
03-08-2026,X0028X1YPF,B0DDC3GVZW,FBA79480,nexlev Cordless Electric Car Vacuum Cleaner VacuSafe| Seat-Belt Cutter| Window Breaker Hammer| LED Torch|4000 mAh| High Power Suction | Copper motor| Type-C Emergency Car Escape Tool| Portable| VC-03,SELLABLE,1,0,0,0,0,0,0,0,0,0,0,0,1,0,CCX1
03-08-2026,X0028X1YPF,B0DDC3GVZW,FBA79480,nexlev Cordless Electric Car Vacuum Cleaner VacuSafe| Seat-Belt Cutter| Window Breaker Hammer| LED Torch|4000 mAh| High Power Suction | Copper motor| Type-C Emergency Car Escape Tool| Portable| VC-03,SELLABLE,1,0,0,0,0,0,0,0,0,0,0,0,1,0,CJB1
03-08-2026,X0028X1YPF,B0DDC3GVZW,FBA79480,nexlev Cordless Electric Car Vacuum Cleaner VacuSafe| Seat-Belt Cutter| Window Breaker Hammer| LED Torch|4000 mAh| High Power Suction | Copper motor| Type-C Emergency Car Escape Tool| Portable| VC-03,SELLABLE,1,0,0,0,0,0,0,0,0,0,0,0,1,0,DED4
03-08-2026,X0028X1YPF,B0DDC3GVZW,FBA79480,nexlev Cordless Electric Car Vacuum Cleaner VacuSafe| Seat-Belt Cutter| Window Breaker Hammer| LED Torch|4000 mAh| High Power Suction | Copper motor| Type-C Emergency Car Escape Tool| Portable| VC-03,SELLABLE,101,0,0,0,0,0,0,0,0,0,0,0,101,0,DEL4
03-08-2026,X0028X1YPF,B0DDC3GVZW,FBA79480,nexlev Cordless Electric Car Vacuum Cleaner VacuSafe| Seat-Belt Cutter| Window Breaker Hammer| LED Torch|4000 mAh| High Power Suction | Copper motor| Type-C Emergency Car Escape Tool| Portable| VC-03,SELLABLE,1,0,0,0,0,0,0,0,0,0,0,0,1,0,DEL5
03-08-2026,X0028X1YPF,B0DDC3GVZW,FBA79480,nexlev Cordless Electric Car Vacuum Cleaner VacuSafe| Seat-Belt Cutter| Window Breaker Hammer| LED Torch|4000 mAh| High Power Suction | Copper motor| Type-C Emergency Car Escape Tool| Portable| VC-03,SELLABLE,1,0,0,0,0,0,0,0,0,0,0,0,1,0,PNQ3
03-08-2026,X0028X20KN,B0D2LGR3GG,FBA79266,"NexLev 6-in-1 trimmer | Sensitive Bikini Trimmer for Women | Skin Safe with Rounded Tips & Safety Guards| Hair Removal for Intimate Areas, Face, Arms, Legs & Body | 90 min Runtime | Type C | T-01",SELLABLE,0,1,0,0,1,0,-1,0,0,0,0,0,0,0,DEL2
03-08-2026,X0028X20KN,B0D2LGR3GG,FBA79266,"NexLev 6-in-1 trimmer | Sensitive Bikini Trimmer for Women | Skin Safe with Rounded Tips & Safety Guards| Hair Removal for Intimate Areas, Face, Arms, Legs & Body | 90 min Runtime | Type C | T-01",SELLABLE,2,0,0,-1,0,0,0,0,0,0,0,0,1,0,DEL4
03-08-2026,X0028X20ML,B0DFCDZWND,FBA79472,NexLev Cordless Electric Heating Pad| Period Cramp & Back Pain Relief Massager | 9 modes| Menstrual Cramp Relief|Type C| Crampfree Periods | Portable | Gift for Women| Strap upto 40 Inch |Purple CM-02,SELLABLE,1,0,0,0,0,0,0,0,0,0,0,0,1,0,BLR7
03-08-2026,X0028X20ML,B0DFCDZWND,FBA79472,NexLev Cordless Electric Heating Pad| Period Cramp & Back Pain Relief Massager | 9 modes| Menstrual Cramp Relief|Type C| Crampfree Periods | Portable | Gift for Women| Strap upto 40 Inch |Purple CM-02,SELLABLE,10,0,0,0,0,0,0,0,0,0,0,0,10,0,BLR8
03-08-2026,X0028X20ML,B0DFCDZWND,FBA79472,NexLev Cordless Electric Heating Pad| Period Cramp & Back Pain Relief Massager | 9 modes| Menstrual Cramp Relief|Type C| Crampfree Periods | Portable | Gift for Women| Strap upto 40 Inch |Purple CM-02,SELLABLE,1,0,0,0,0,0,0,0,0,0,0,0,1,0,DEL4
03-08-2026,X0028X20ML,B0DFCDZWND,FBA79472,NexLev Cordless Electric Heating Pad| Period Cramp & Back Pain Relief Massager | 9 modes| Menstrual Cramp Relief|Type C| Crampfree Periods | Portable | Gift for Women| Strap upto 40 Inch |Purple CM-02,SELLABLE,21,0,0,0,0,0,0,0,0,0,0,0,21,0,DEL5
03-08-2026,X0028X20PX,B0D63FKYZ5,FBA79332,NexLev Scalp Massager for Stress Relief | Head Massager for Hair Growth | 96 Tangle Free Silicone Kneading Nodes | Hand Like Massage | 120 Min Runtime | Type C | Washable Heads | 3 Modes | HM-01,SELLABLE,1,0,0,0,0,0,0,0,0,0,0,0,1,0,BOM5
03-08-2026,X0028X20PX,B0D63FKYZ5,FBA79332,NexLev Scalp Massager for Stress Relief | Head Massager for Hair Growth | 96 Tangle Free Silicone Kneading Nodes | Hand Like Massage | 120 Min Runtime | Type C | Washable Heads | 3 Modes | HM-01,SELLABLE,2,0,0,0,0,0,0,0,0,0,0,0,2,0,DEL4
03-08-2026,X0028X20SZ,B0DFCDKMWR,FBA79464,nexlev Cordless Electric Heating Pad| Period Cramp & Back Pain Relief Massager | 9 modes| Menstrual Cramp Relief|Type C| Crampfree Periods | Portable | Gift for Women| Strap upto 40 Inch |Blue CM-01,DEFECTIVE,1,0,0,0,0,-1,0,0,0,0,0,0,0,0,BOM5
03-08-2026,X0028X20SZ,B0DFCDKMWR,FBA79464,nexlev Cordless Electric Heating Pad| Period Cramp & Back Pain Relief Massager | 9 modes| Menstrual Cramp Relief|Type C| Crampfree Periods | Portable | Gift for Women| Strap upto 40 Inch |Blue CM-01,SELLABLE,6,0,0,0,0,0,0,0,0,0,0,0,6,0,AMD2
03-08-2026,X0028X20SZ,B0DFCDKMWR,FBA79464,nexlev Cordless Electric Heating Pad| Period Cramp & Back Pain Relief Massager | 9 modes| Menstrual Cramp Relief|Type C| Crampfree Periods | Portable | Gift for Women| Strap upto 40 Inch |Blue CM-01,SELLABLE,27,0,0,0,0,0,0,0,0,0,0,0,27,0,BOM5
03-08-2026,X0028X20VH,B0DKJXRXKM,FBA79570,NexLev Blackhead & Whitehead Remover Tool | Rechargeable |1Hr Use| Acne & Pimple Pore Cleaner | 6 Heads | Electric Derma Suction Machine | Hydra Facial Cleanser Device for Face |For Men & Women |BR-01,CUSTOMER_DAMAGED,1,0,0,0,0,0,0,0,0,0,0,0,1,0,MAA4
03-08-2026,X0028X20VH,B0DKJXRXKM,FBA79570,NexLev Blackhead & Whitehead Remover Tool | Rechargeable |1Hr Use| Acne & Pimple Pore Cleaner | 6 Heads | Electric Derma Suction Machine | Hydra Facial Cleanser Device for Face |For Men & Women |BR-01,SELLABLE,30,0,0,0,0,0,0,0,0,0,0,0,30,0,BLR7
03-08-2026,X0028X20VH,B0DKJXRXKM,FBA79570,NexLev Blackhead & Whitehead Remover Tool | Rechargeable |1Hr Use| Acne & Pimple Pore Cleaner | 6 Heads | Electric Derma Suction Machine | Hydra Facial Cleanser Device for Face |For Men & Women |BR-01,SELLABLE,2,0,0,0,0,0,0,0,0,0,0,0,2,0,BOM5
03-08-2026,X0028X4EED,B0CDPMX152,FBA78980,NexLev Handheld Garment Steamer | 1500 Watts | 300 ML| Standing & Horizontal Iron Press | Damage Free Steaming for all Cloth Types | 25s Quick Heat |Upto 5 Clothes in One Fill | Travel Friendly |GS-02,CUSTOMER_DAMAGED,1,0,0,0,0,0,0,0,0,0,0,0,1,0,BLR5
03-08-2026,X0028X4EED,B0CDPMX152,FBA78980,NexLev Handheld Garment Steamer | 1500 Watts | 300 ML| Standing & Horizontal Iron Press | Damage Free Steaming for all Cloth Types | 25s Quick Heat |Upto 5 Clothes in One Fill | Travel Friendly |GS-02,CUSTOMER_DAMAGED,1,0,0,0,0,0,0,0,0,0,0,0,1,0,BOM5
03-08-2026,X0028X4EED,B0CDPMX152,FBA78980,NexLev Handheld Garment Steamer | 1500 Watts | 300 ML| Standing & Horizontal Iron Press | Damage Free Steaming for all Cloth Types | 25s Quick Heat |Upto 5 Clothes in One Fill | Travel Friendly |GS-02,CUSTOMER_DAMAGED,3,0,0,0,0,0,0,0,0,0,0,0,3,0,BOM7
03-08-2026,X0028X4EED,B0CDPMX152,FBA78980,NexLev Handheld Garment Steamer | 1500 Watts | 300 ML| Standing & Horizontal Iron Press | Damage Free Steaming for all Cloth Types | 25s Quick Heat |Upto 5 Clothes in One Fill | Travel Friendly |GS-02,DEFECTIVE,1,0,0,0,0,0,0,0,0,0,0,0,1,0,BOM5
03-08-2026,X0028X4EED,B0CDPMX152,FBA78980,NexLev Handheld Garment Steamer | 1500 Watts | 300 ML| Standing & Horizontal Iron Press | Damage Free Steaming for all Cloth Types | 25s Quick Heat |Upto 5 Clothes in One Fill | Travel Friendly |GS-02,SELLABLE,3,0,0,0,0,0,0,0,0,0,0,0,3,0,AMD2
03-08-2026,X0028X4EED,B0CDPMX152,FBA78980,NexLev Handheld Garment Steamer | 1500 Watts | 300 ML| Standing & Horizontal Iron Press | Damage Free Steaming for all Cloth Types | 25s Quick Heat |Upto 5 Clothes in One Fill | Travel Friendly |GS-02,SELLABLE,1,0,0,0,0,0,0,0,0,0,0,0,1,0,BOM5
03-08-2026,X0028X4EED,B0CDPMX152,FBA78980,NexLev Handheld Garment Steamer | 1500 Watts | 300 ML| Standing & Horizontal Iron Press | Damage Free Steaming for all Cloth Types | 25s Quick Heat |Upto 5 Clothes in One Fill | Travel Friendly |GS-02,SELLABLE,2,0,0,-1,0,0,0,0,0,0,0,0,1,0,BOM7
03-08-2026,X0028X4EED,B0CDPMX152,FBA78980,NexLev Handheld Garment Steamer | 1500 Watts | 300 ML| Standing & Horizontal Iron Press | Damage Free Steaming for all Cloth Types | 25s Quick Heat |Upto 5 Clothes in One Fill | Travel Friendly |GS-02,SELLABLE,14,0,0,0,0,0,0,0,0,0,0,0,14,0,DED4
03-08-2026,X0028X4EED,B0CDPMX152,FBA78980,NexLev Handheld Garment Steamer | 1500 Watts | 300 ML| Standing & Horizontal Iron Press | Damage Free Steaming for all Cloth Types | 25s Quick Heat |Upto 5 Clothes in One Fill | Travel Friendly |GS-02,SELLABLE,15,0,0,0,0,0,0,0,0,0,0,0,15,0,DEL5
03-08-2026,X0028X4EED,B0CDPMX152,FBA78980,NexLev Handheld Garment Steamer | 1500 Watts | 300 ML| Standing & Horizontal Iron Press | Damage Free Steaming for all Cloth Types | 25s Quick Heat |Upto 5 Clothes in One Fill | Travel Friendly |GS-02,SELLABLE,7,0,0,0,0,0,0,0,0,0,0,0,7,0,LKO1
03-08-2026,X0028X4EED,B0CDPMX152,FBA78980,NexLev Handheld Garment Steamer | 1500 Watts | 300 ML| Standing & Horizontal Iron Press | Damage Free Steaming for all Cloth Types | 25s Quick Heat |Upto 5 Clothes in One Fill | Travel Friendly |GS-02,SELLABLE,7,0,0,0,0,0,0,0,0,0,0,0,7,0,PNQ3
03-08-2026,X0028X4EL1,B0D845B2DG,FBA79280,nexlev Rechargeable Lint Remover | For Woollen Sweaters Shirts Coat Curtains & Carpets | Rue & Burr Remover | 180 Min Use | TypeC | SS Blade | 2000mAh | 3 Speed Modes | Safety Lock | LR-02,SELLABLE,1,0,0,0,0,0,0,0,0,0,0,0,1,0,BOM5
03-08-2026,X0028X4EL1,B0D845B2DG,FBA79280,nexlev Rechargeable Lint Remover | For Woollen Sweaters Shirts Coat Curtains & Carpets | Rue & Burr Remover | 180 Min Use | TypeC | SS Blade | 2000mAh | 3 Speed Modes | Safety Lock | LR-02,SELLABLE,39,0,0,0,0,0,0,0,0,0,0,0,39,0,BOM7
03-08-2026,X0028X4EL1,B0D845B2DG,FBA79280,nexlev Rechargeable Lint Remover | For Woollen Sweaters Shirts Coat Curtains & Carpets | Rue & Burr Remover | 180 Min Use | TypeC | SS Blade | 2000mAh | 3 Speed Modes | Safety Lock | LR-02,SELLABLE,3,0,0,0,0,0,0,0,0,0,0,0,3,0,CCX1
03-08-2026,X0028X4EL1,B0D845B2DG,FBA79280,nexlev Rechargeable Lint Remover | For Woollen Sweaters Shirts Coat Curtains & Carpets | Rue & Burr Remover | 180 Min Use | TypeC | SS Blade | 2000mAh | 3 Speed Modes | Safety Lock | LR-02,SELLABLE,2,0,0,0,0,0,0,0,0,0,0,0,2,0,CJB1
03-08-2026,X0028X4EL1,B0D845B2DG,FBA79280,nexlev Rechargeable Lint Remover | For Woollen Sweaters Shirts Coat Curtains & Carpets | Rue & Burr Remover | 180 Min Use | TypeC | SS Blade | 2000mAh | 3 Speed Modes | Safety Lock | LR-02,SELLABLE,2,0,0,0,0,0,0,0,0,0,0,0,2,0,HYD3
03-08-2026,X0028X4EL1,B0D845B2DG,FBA79280,nexlev Rechargeable Lint Remover | For Woollen Sweaters Shirts Coat Curtains & Carpets | Rue & Burr Remover | 180 Min Use | TypeC | SS Blade | 2000mAh | 3 Speed Modes | Safety Lock | LR-02,SELLABLE,0,20,0,0,0,0,0,0,0,0,0,0,0,0,ISK3
03-08-2026,X0028X4EMP,B0D2LJSQXZ,FBA79276,NexLev Steam Mop | Chemical Free Mopping | Floor Cleaning + Carpet Steaming | 4 Extra Mop Pads | 400 ML | 1300W | Floor Disinfectant | For All Floor Types | 4mtr long Cord | Wet & Dry Mopping | SM-01,SELLABLE,4,0,0,0,0,0,0,0,0,0,0,0,4,0,BLR7
03-08-2026,X0028X4EMP,B0D2LJSQXZ,FBA79276,NexLev Steam Mop | Chemical Free Mopping | Floor Cleaning + Carpet Steaming | 4 Extra Mop Pads | 400 ML | 1300W | Floor Disinfectant | For All Floor Types | 4mtr long Cord | Wet & Dry Mopping | SM-01,SELLABLE,0,0,10,0,0,0,0,0,0,0,0,0,10,0,BOM5
03-08-2026,X0028X4EMP,B0D2LJSQXZ,FBA79276,NexLev Steam Mop | Chemical Free Mopping | Floor Cleaning + Carpet Steaming | 4 Extra Mop Pads | 400 ML | 1300W | Floor Disinfectant | For All Floor Types | 4mtr long Cord | Wet & Dry Mopping | SM-01,SELLABLE,1,0,0,0,0,0,0,0,0,0,0,0,1,0,DEL4
03-08-2026,X0028X4EMZ,B0D383WQPB,FBA79268,NexLev Foldable Garment Steamer for Home & Travel | Convenient Vertical Steaming | 1200W | 120 ml | Lightweight & Compact | 30s Fast Heating | Iron for all Cloth Types | 2 M cord | Anti Spill | GS-05,SELLABLE,1,0,0,0,0,0,0,0,0,0,0,0,1,0,BLR8
03-08-2026,X0028X4EMZ,B0D383WQPB,FBA79268,NexLev Foldable Garment Steamer for Home & Travel | Convenient Vertical Steaming | 1200W | 120 ml | Lightweight & Compact | 30s Fast Heating | Iron for all Cloth Types | 2 M cord | Anti Spill | GS-05,SELLABLE,6,0,0,0,0,0,0,0,0,0,0,0,6,0,BOM7
03-08-2026,X0028X4EMZ,B0D383WQPB,FBA79268,NexLev Foldable Garment Steamer for Home & Travel | Convenient Vertical Steaming | 1200W | 120 ml | Lightweight & Compact | 30s Fast Heating | Iron for all Cloth Types | 2 M cord | Anti Spill | GS-05,SELLABLE,7,0,0,0,0,0,0,0,0,0,0,0,7,0,CCX1
03-08-2026,X0028X4EMZ,B0D383WQPB,FBA79268,NexLev Foldable Garment Steamer for Home & Travel | Convenient Vertical Steaming | 1200W | 120 ml | Lightweight & Compact | 30s Fast Heating | Iron for all Cloth Types | 2 M cord | Anti Spill | GS-05,SELLABLE,7,0,0,0,0,0,0,0,0,0,0,0,7,0,CJB1
03-08-2026,X0028X4EMZ,B0D383WQPB,FBA79268,NexLev Foldable Garment Steamer for Home & Travel | Convenient Vertical Steaming | 1200W | 120 ml | Lightweight & Compact | 30s Fast Heating | Iron for all Cloth Types | 2 M cord | Anti Spill | GS-05,SELLABLE,6,0,0,0,0,0,0,0,0,0,0,0,6,0,DED4
03-08-2026,X0028X4EMZ,B0D383WQPB,FBA79268,NexLev Foldable Garment Steamer for Home & Travel | Convenient Vertical Steaming | 1200W | 120 ml | Lightweight & Compact | 30s Fast Heating | Iron for all Cloth Types | 2 M cord | Anti Spill | GS-05,SELLABLE,9,0,0,0,0,0,0,0,0,0,0,0,9,0,DEL4
03-08-2026,X0028X4EMZ,B0D383WQPB,FBA79268,NexLev Foldable Garment Steamer for Home & Travel | Convenient Vertical Steaming | 1200W | 120 ml | Lightweight & Compact | 30s Fast Heating | Iron for all Cloth Types | 2 M cord | Anti Spill | GS-05,SELLABLE,8,0,0,0,0,0,0,0,0,0,0,0,8,0,DEL5
03-08-2026,X0028X4EMZ,B0D383WQPB,FBA79268,NexLev Foldable Garment Steamer for Home & Travel | Convenient Vertical Steaming | 1200W | 120 ml | Lightweight & Compact | 30s Fast Heating | Iron for all Cloth Types | 2 M cord | Anti Spill | GS-05,SELLABLE,1,0,0,0,0,0,0,0,0,0,0,0,1,0,HYD3
03-08-2026,X0028X4EMZ,B0D383WQPB,FBA79268,NexLev Foldable Garment Steamer for Home & Travel | Convenient Vertical Steaming | 1200W | 120 ml | Lightweight & Compact | 30s Fast Heating | Iron for all Cloth Types | 2 M cord | Anti Spill | GS-05,SELLABLE,16,0,0,0,0,0,0,0,0,0,0,0,16,0,HYD8
03-08-2026,X0028X4EMZ,B0D383WQPB,FBA79268,NexLev Foldable Garment Steamer for Home & Travel | Convenient Vertical Steaming | 1200W | 120 ml | Lightweight & Compact | 30s Fast Heating | Iron for all Cloth Types | 2 M cord | Anti Spill | GS-05,SELLABLE,16,0,0,0,0,0,0,0,0,0,0,0,16,0,PNQ3
03-08-2026,X0028X4EPR,B0DFCG2VGS,FBA79488,"Nexlev Multi Purpose Electric Food Kettle|1.8L Stainless Steel Pot| 600W|Boil, Steam, Fry, Saute| Double Layered Body|2 Heat Settings|Multi Function for Water, Milk, Egg, Soup, Noodles|KE-01",CUSTOMER_DAMAGED,1,0,0,0,0,0,0,0,0,0,0,0,1,0,DEL2
03-08-2026,X0028X4EPR,B0DFCG2VGS,FBA79488,"Nexlev Multi Purpose Electric Food Kettle|1.8L Stainless Steel Pot| 600W|Boil, Steam, Fry, Saute| Double Layered Body|2 Heat Settings|Multi Function for Water, Milk, Egg, Soup, Noodles|KE-01",SELLABLE,9,0,0,0,0,0,0,0,0,0,0,0,9,0,AMD2
03-08-2026,X0028X4EPR,B0DFCG2VGS,FBA79488,"Nexlev Multi Purpose Electric Food Kettle|1.8L Stainless Steel Pot| 600W|Boil, Steam, Fry, Saute| Double Layered Body|2 Heat Settings|Multi Function for Water, Milk, Egg, Soup, Noodles|KE-01",SELLABLE,19,0,0,0,0,0,0,0,0,0,0,0,19,0,BLR8
03-08-2026,X0028X4EPR,B0DFCG2VGS,FBA79488,"Nexlev Multi Purpose Electric Food Kettle|1.8L Stainless Steel Pot| 600W|Boil, Steam, Fry, Saute| Double Layered Body|2 Heat Settings|Multi Function for Water, Milk, Egg, Soup, Noodles|KE-01",SELLABLE,28,0,0,0,0,0,0,0,0,0,0,0,28,0,BOM5
03-08-2026,X0028X4EPR,B0DFCG2VGS,FBA79488,"Nexlev Multi Purpose Electric Food Kettle|1.8L Stainless Steel Pot| 600W|Boil, Steam, Fry, Saute| Double Layered Body|2 Heat Settings|Multi Function for Water, Milk, Egg, Soup, Noodles|KE-01",SELLABLE,2,0,0,0,0,0,0,0,0,0,0,0,2,0,BOM7
03-08-2026,X0028X4EPR,B0DFCG2VGS,FBA79488,"Nexlev Multi Purpose Electric Food Kettle|1.8L Stainless Steel Pot| 600W|Boil, Steam, Fry, Saute| Double Layered Body|2 Heat Settings|Multi Function for Water, Milk, Egg, Soup, Noodles|KE-01",SELLABLE,2,0,0,0,0,0,0,0,0,0,0,0,2,0,DEL4
03-08-2026,X0028X4EPR,B0DFCG2VGS,FBA79488,"Nexlev Multi Purpose Electric Food Kettle|1.8L Stainless Steel Pot| 600W|Boil, Steam, Fry, Saute| Double Layered Body|2 Heat Settings|Multi Function for Water, Milk, Egg, Soup, Noodles|KE-01",SELLABLE,3,0,0,0,0,0,0,0,0,0,0,0,3,0,HYD3
03-08-2026,X0028X4EQL,B0D9KFP4MG,FBA79405,nexlev Ionic Hair Straightener Brush for Woman|Frizz-Free Straightening upto 12H| Ceramic Plates |60mm Wide Brush |130-210° |Keratin Bristles| Thermo Protect Technology|No Scalp Burn|1500W|HSB-03,SELLABLE,3,0,0,0,0,0,0,0,0,0,0,0,3,0,AMD2
03-08-2026,X0028X4EQL,B0D9KFP4MG,FBA79405,nexlev Ionic Hair Straightener Brush for Woman|Frizz-Free Straightening upto 12H| Ceramic Plates |60mm Wide Brush |130-210° |Keratin Bristles| Thermo Protect Technology|No Scalp Burn|1500W|HSB-03,SELLABLE,1,0,0,0,0,0,0,0,0,0,0,0,1,0,BLR7
03-08-2026,X0028X4EQL,B0D9KFP4MG,FBA79405,nexlev Ionic Hair Straightener Brush for Woman|Frizz-Free Straightening upto 12H| Ceramic Plates |60mm Wide Brush |130-210° |Keratin Bristles| Thermo Protect Technology|No Scalp Burn|1500W|HSB-03,SELLABLE,0,0,0,0,0,0,2,0,0,0,0,0,2,0,BLR8
03-08-2026,X0028X4EQL,B0D9KFP4MG,FBA79405,nexlev Ionic Hair Straightener Brush for Woman|Frizz-Free Straightening upto 12H| Ceramic Plates |60mm Wide Brush |130-210° |Keratin Bristles| Thermo Protect Technology|No Scalp Burn|1500W|HSB-03,SELLABLE,9,0,0,0,0,0,0,0,0,0,0,0,9,0,BOM5
03-08-2026,X0028X4EQL,B0D9KFP4MG,FBA79405,nexlev Ionic Hair Straightener Brush for Woman|Frizz-Free Straightening upto 12H| Ceramic Plates |60mm Wide Brush |130-210° |Keratin Bristles| Thermo Protect Technology|No Scalp Burn|1500W|HSB-03,SELLABLE,1,0,0,0,0,0,0,0,0,0,0,0,1,0,BOM7
03-08-2026,X0028X4EQL,B0D9KFP4MG,FBA79405,nexlev Ionic Hair Straightener Brush for Woman|Frizz-Free Straightening upto 12H| Ceramic Plates |60mm Wide Brush |130-210° |Keratin Bristles| Thermo Protect Technology|No Scalp Burn|1500W|HSB-03,SELLABLE,1,0,0,0,0,0,0,0,0,0,0,0,1,0,DEL5
03-08-2026,X0028X4EQL,B0D9KFP4MG,FBA79405,nexlev Ionic Hair Straightener Brush for Woman|Frizz-Free Straightening upto 12H| Ceramic Plates |60mm Wide Brush |130-210° |Keratin Bristles| Thermo Protect Technology|No Scalp Burn|1500W|HSB-03,SELLABLE,0,8,0,0,0,0,0,0,0,0,0,0,0,0,ISK3
03-08-2026,X0028X4EQL,B0D9KFP4MG,FBA79405,nexlev Ionic Hair Straightener Brush for Woman|Frizz-Free Straightening upto 12H| Ceramic Plates |60mm Wide Brush |130-210° |Keratin Bristles| Thermo Protect Technology|No Scalp Burn|1500W|HSB-03,SELLABLE,0,0,0,0,0,0,1,0,0,0,0,0,1,0,MAA4
03-08-2026,X0028X4EQL,B0D9KFP4MG,FBA79405,nexlev Ionic Hair Straightener Brush for Woman|Frizz-Free Straightening upto 12H| Ceramic Plates |60mm Wide Brush |130-210° |Keratin Bristles| Thermo Protect Technology|No Scalp Burn|1500W|HSB-03,SELLABLE,1,0,0,0,0,0,0,0,0,0,0,0,1,0,PNQ3
03-08-2026,X0028X4ER5,B0D2LFMY48,FBA79272,"Nexlev Hair Styling Straightener & Curler| 2 in 1 Hair Styler| 200°C in 30 Seconds| Long Ceramic Floating Plates| Rounded Body for Curls| Plate Lock| Portable HS-01, Hair Straightener Tong - Black",SELLABLE,24,0,0,0,0,0,0,0,0,0,0,0,24,0,DED4
03-08-2026,X0028X4EST,B0DCGHVN81,FBA79452,NexLev 2 in 1 Handheld & Stick Vacuum Cleaner | 17500 PA Suction | Dry Vacuuming for Home & Office | Washable HEPA Filter | 4 Adjustable Heads | Bagless| Deep Cleaning for Sofa Bed Window & more|VC-01,CARRIER_DAMAGED,2,0,0,0,0,0,0,0,0,0,0,0,2,0,BOM5
03-08-2026,X0028X4EST,B0DCGHVN81,FBA79452,NexLev 2 in 1 Handheld & Stick Vacuum Cleaner | 17500 PA Suction | Dry Vacuuming for Home & Office | Washable HEPA Filter | 4 Adjustable Heads | Bagless| Deep Cleaning for Sofa Bed Window & more|VC-01,CUSTOMER_DAMAGED,1,0,0,0,0,0,0,0,0,0,0,0,1,0,BOM5
03-08-2026,X0028X4EST,B0DCGHVN81,FBA79452,NexLev 2 in 1 Handheld & Stick Vacuum Cleaner | 17500 PA Suction | Dry Vacuuming for Home & Office | Washable HEPA Filter | 4 Adjustable Heads | Bagless| Deep Cleaning for Sofa Bed Window & more|VC-01,CUSTOMER_DAMAGED,0,0,0,0,1,0,0,0,0,0,0,0,1,0,DEL2
03-08-2026,X0028X4EST,B0DCGHVN81,FBA79452,NexLev 2 in 1 Handheld & Stick Vacuum Cleaner | 17500 PA Suction | Dry Vacuuming for Home & Office | Washable HEPA Filter | 4 Adjustable Heads | Bagless| Deep Cleaning for Sofa Bed Window & more|VC-01,DEFECTIVE,1,0,0,0,0,0,0,0,0,0,0,0,1,0,HYD8
03-08-2026,X0028X4EST,B0DCGHVN81,FBA79452,NexLev 2 in 1 Handheld & Stick Vacuum Cleaner | 17500 PA Suction | Dry Vacuuming for Home & Office | Washable HEPA Filter | 4 Adjustable Heads | Bagless| Deep Cleaning for Sofa Bed Window & more|VC-01,SELLABLE,9,0,0,0,0,0,0,0,0,0,0,0,9,0,BLR8
03-08-2026,X0028X4EST,B0DCGHVN81,FBA79452,NexLev 2 in 1 Handheld & Stick Vacuum Cleaner | 17500 PA Suction | Dry Vacuuming for Home & Office | Washable HEPA Filter | 4 Adjustable Heads | Bagless| Deep Cleaning for Sofa Bed Window & more|VC-01,SELLABLE,3,0,0,0,0,0,0,0,0,0,0,0,3,0,BOM5
03-08-2026,X0028X4EST,B0DCGHVN81,FBA79452,NexLev 2 in 1 Handheld & Stick Vacuum Cleaner | 17500 PA Suction | Dry Vacuuming for Home & Office | Washable HEPA Filter | 4 Adjustable Heads | Bagless| Deep Cleaning for Sofa Bed Window & more|VC-01,SELLABLE,1,0,0,0,0,0,0,0,0,0,0,0,1,0,CJB1
03-08-2026,X0028X4EST,B0DCGHVN81,FBA79452,NexLev 2 in 1 Handheld & Stick Vacuum Cleaner | 17500 PA Suction | Dry Vacuuming for Home & Office | Washable HEPA Filter | 4 Adjustable Heads | Bagless| Deep Cleaning for Sofa Bed Window & more|VC-01,SELLABLE,19,0,0,0,0,0,0,0,0,0,0,0,19,0,DEL4
03-08-2026,X0028X4EST,B0DCGHVN81,FBA79452,NexLev 2 in 1 Handheld & Stick Vacuum Cleaner | 17500 PA Suction | Dry Vacuuming for Home & Office | Washable HEPA Filter | 4 Adjustable Heads | Bagless| Deep Cleaning for Sofa Bed Window & more|VC-01,SELLABLE,1,0,0,0,0,0,0,0,0,0,0,0,1,0,DEL5
03-08-2026,X0028X4EST,B0DCGHVN81,FBA79452,NexLev 2 in 1 Handheld & Stick Vacuum Cleaner | 17500 PA Suction | Dry Vacuuming for Home & Office | Washable HEPA Filter | 4 Adjustable Heads | Bagless| Deep Cleaning for Sofa Bed Window & more|VC-01,SELLABLE,1,0,0,0,0,0,0,0,0,0,0,0,1,0,HYD3
03-08-2026,X0028X4EST,B0DCGHVN81,FBA79452,NexLev 2 in 1 Handheld & Stick Vacuum Cleaner | 17500 PA Suction | Dry Vacuuming for Home & Office | Washable HEPA Filter | 4 Adjustable Heads | Bagless| Deep Cleaning for Sofa Bed Window & more|VC-01,SELLABLE,5,0,0,0,0,0,0,0,0,0,0,0,5,0,MAA4
03-08-2026,X0028X4EUR,B0DNJS23HS,FBA79567,NexLev 10 in 1 Steam Cleaner & Mop|2 Steam Modes| Mopping & Deep Cleaning Home Car Sofa Bathroom Kitchen & Office |For All Surfaces|350ML|Chemical Free Cleaning | Detachable & Foldable|SC-04,CARRIER_DAMAGED,1,0,0,0,0,0,0,0,0,0,0,0,1,0,BOM5
03-08-2026,X0028X4EUR,B0DNJS23HS,FBA79567,NexLev 10 in 1 Steam Cleaner & Mop|2 Steam Modes| Mopping & Deep Cleaning Home Car Sofa Bathroom Kitchen & Office |For All Surfaces|350ML|Chemical Free Cleaning | Detachable & Foldable|SC-04,CARRIER_DAMAGED,1,0,0,0,0,0,0,0,0,0,0,0,1,0,DEL2
03-08-2026,X0028X4EUR,B0DNJS23HS,FBA79567,NexLev 10 in 1 Steam Cleaner & Mop|2 Steam Modes| Mopping & Deep Cleaning Home Car Sofa Bathroom Kitchen & Office |For All Surfaces|350ML|Chemical Free Cleaning | Detachable & Foldable|SC-04,CUSTOMER_DAMAGED,1,0,0,0,0,0,0,0,0,0,0,0,1,0,BLR5
03-08-2026,X0028X4EUR,B0DNJS23HS,FBA79567,NexLev 10 in 1 Steam Cleaner & Mop|2 Steam Modes| Mopping & Deep Cleaning Home Car Sofa Bathroom Kitchen & Office |For All Surfaces|350ML|Chemical Free Cleaning | Detachable & Foldable|SC-04,CUSTOMER_DAMAGED,2,0,0,0,0,0,0,0,0,0,0,0,2,0,DEL2
03-08-2026,X0028X4EUR,B0DNJS23HS,FBA79567,NexLev 10 in 1 Steam Cleaner & Mop|2 Steam Modes| Mopping & Deep Cleaning Home Car Sofa Bathroom Kitchen & Office |For All Surfaces|350ML|Chemical Free Cleaning | Detachable & Foldable|SC-04,SELLABLE,12,0,0,0,0,0,0,0,0,0,0,0,12,0,BLR8
03-08-2026,X0028X4EUR,B0DNJS23HS,FBA79567,NexLev 10 in 1 Steam Cleaner & Mop|2 Steam Modes| Mopping & Deep Cleaning Home Car Sofa Bathroom Kitchen & Office |For All Surfaces|350ML|Chemical Free Cleaning | Detachable & Foldable|SC-04,SELLABLE,18,0,0,0,0,0,0,0,0,0,0,0,18,0,BOM5
03-08-2026,X0028X4EUR,B0DNJS23HS,FBA79567,NexLev 10 in 1 Steam Cleaner & Mop|2 Steam Modes| Mopping & Deep Cleaning Home Car Sofa Bathroom Kitchen & Office |For All Surfaces|350ML|Chemical Free Cleaning | Detachable & Foldable|SC-04,SELLABLE,6,0,0,0,0,0,0,0,0,0,0,0,6,0,DEL4
03-08-2026,X0028X4EUR,B0DNJS23HS,FBA79567,NexLev 10 in 1 Steam Cleaner & Mop|2 Steam Modes| Mopping & Deep Cleaning Home Car Sofa Bathroom Kitchen & Office |For All Surfaces|350ML|Chemical Free Cleaning | Detachable & Foldable|SC-04,SELLABLE,6,0,0,-1,0,0,0,0,0,0,0,0,5,0,HYD3
03-08-2026,X0028X4EUR,B0DNJS23HS,FBA79567,NexLev 10 in 1 Steam Cleaner & Mop|2 Steam Modes| Mopping & Deep Cleaning Home Car Sofa Bathroom Kitchen & Office |For All Surfaces|350ML|Chemical Free Cleaning | Detachable & Foldable|SC-04,SELLABLE,7,0,0,0,0,0,0,0,0,0,0,0,7,0,LKO1
03-08-2026,X0028X4EUR,B0DNJS23HS,FBA79567,NexLev 10 in 1 Steam Cleaner & Mop|2 Steam Modes| Mopping & Deep Cleaning Home Car Sofa Bathroom Kitchen & Office |For All Surfaces|350ML|Chemical Free Cleaning | Detachable & Foldable|SC-04,SELLABLE,6,0,0,0,0,0,0,0,0,0,0,0,6,0,MAA4
03-08-2026,X0028X4EW5,B0DM6BB3VT,FBA79590,nexlev Calf Massager | Daily Use Leg Massager for Sore Muscle |1 Piece | Hand Like Massage with Air Compression | Improve Blood Circulation & Relieve Pain | 2500 mAh | Large Belt | Type C |CFM-01,CUSTOMER_DAMAGED,1,0,0,0,0,0,0,0,0,0,0,0,1,0,DEL2
03-08-2026,X0028X4EW5,B0DM6BB3VT,FBA79590,nexlev Calf Massager | Daily Use Leg Massager for Sore Muscle |1 Piece | Hand Like Massage with Air Compression | Improve Blood Circulation & Relieve Pain | 2500 mAh | Large Belt | Type C |CFM-01,SELLABLE,14,0,0,0,0,0,0,0,0,0,0,0,14,0,MAA4
03-08-2026,X0028X4EW5,B0DM6BB3VT,FBA79590,nexlev Calf Massager | Daily Use Leg Massager for Sore Muscle |1 Piece | Hand Like Massage with Air Compression | Improve Blood Circulation & Relieve Pain | 2500 mAh | Large Belt | Type C |CFM-01,SELLABLE,11,0,0,0,0,0,0,0,0,0,0,0,11,0,PNQ3
03-08-2026,X0028X4OO3,B0DVC8NYY2,FBA79682,"NexLev Cool Mist Humidifier | 2.2L| For Office, Indoor Plants, Baby Nursery | Quiet Operation | Works 30Hrs on Low Setting | 360° Nozzle | Auto Shut-Off | Adjustable Knob | Leak Proof | HU-02",SELLABLE,13,0,0,0,0,0,0,0,0,0,0,0,13,0,DED4
03-08-2026,X0028X6UI1,B0DVC58QPZ,FBA79692,NexLev Smart Air Purifier | Home Room & Office Use upto 220 sq ft |True HEPA 13 Filter | Eliminate 99.99% Virus Dust Smoke Odor Pollen Allergens & Pollutants | Long Filter Life |3 Year Warranty |AP220,SELLABLE,71,0,0,0,0,0,0,0,0,0,0,0,71,0,DEL5
03-08-2026,X0028X7N5Z,B0DJFH6RTL,FBA79473,"NexLev Portable Tyre Inflator for Car, Bike, Cycle|150 PSI Pressure| 120 Watt Air Pump|12V Car Plug| Digital Display| Auto Shut-Off| Emergency LED Light| 3m Cord| 3 Air Nozzles| Compact| AER TI-02",SELLABLE,1,0,0,0,0,0,0,0,0,0,0,0,1,0,AMD2
03-08-2026,X0028X7N5Z,B0DJFH6RTL,FBA79473,"NexLev Portable Tyre Inflator for Car, Bike, Cycle|150 PSI Pressure| 120 Watt Air Pump|12V Car Plug| Digital Display| Auto Shut-Off| Emergency LED Light| 3m Cord| 3 Air Nozzles| Compact| AER TI-02",SELLABLE,3,0,0,0,0,0,0,0,0,0,0,0,3,0,BOM7
03-08-2026,X0028X7N5Z,B0DJFH6RTL,FBA79473,"NexLev Portable Tyre Inflator for Car, Bike, Cycle|150 PSI Pressure| 120 Watt Air Pump|12V Car Plug| Digital Display| Auto Shut-Off| Emergency LED Light| 3m Cord| 3 Air Nozzles| Compact| AER TI-02",SELLABLE,2,0,0,0,0,0,0,0,0,0,0,0,2,0,CCX1
03-08-2026,X0028X7N5Z,B0DJFH6RTL,FBA79473,"NexLev Portable Tyre Inflator for Car, Bike, Cycle|150 PSI Pressure| 120 Watt Air Pump|12V Car Plug| Digital Display| Auto Shut-Off| Emergency LED Light| 3m Cord| 3 Air Nozzles| Compact| AER TI-02",SELLABLE,3,0,0,0,0,0,0,0,0,0,0,0,3,0,CJB1
03-08-2026,X0028X7N5Z,B0DJFH6RTL,FBA79473,"NexLev Portable Tyre Inflator for Car, Bike, Cycle|150 PSI Pressure| 120 Watt Air Pump|12V Car Plug| Digital Display| Auto Shut-Off| Emergency LED Light| 3m Cord| 3 Air Nozzles| Compact| AER TI-02",SELLABLE,1,0,0,0,0,0,0,0,0,0,0,0,1,0,DED4
03-08-2026,X0028X7N5Z,B0DJFH6RTL,FBA79473,"NexLev Portable Tyre Inflator for Car, Bike, Cycle|150 PSI Pressure| 120 Watt Air Pump|12V Car Plug| Digital Display| Auto Shut-Off| Emergency LED Light| 3m Cord| 3 Air Nozzles| Compact| AER TI-02",SELLABLE,106,0,0,0,0,0,0,0,0,0,0,0,106,0,HYD3
03-08-2026,X0028X7N5Z,B0DJFH6RTL,FBA79473,"NexLev Portable Tyre Inflator for Car, Bike, Cycle|150 PSI Pressure| 120 Watt Air Pump|12V Car Plug| Digital Display| Auto Shut-Off| Emergency LED Light| 3m Cord| 3 Air Nozzles| Compact| AER TI-02",SELLABLE,8,0,0,0,0,0,0,0,0,0,0,0,8,0,HYD8
03-08-2026,X0028X7N5Z,B0DJFH6RTL,FBA79473,"NexLev Portable Tyre Inflator for Car, Bike, Cycle|150 PSI Pressure| 120 Watt Air Pump|12V Car Plug| Digital Display| Auto Shut-Off| Emergency LED Light| 3m Cord| 3 Air Nozzles| Compact| AER TI-02",SELLABLE,18,0,0,0,0,0,0,0,0,0,0,0,18,0,LKO1
03-08-2026,X0028X7N5Z,B0DJFH6RTL,FBA79473,"NexLev Portable Tyre Inflator for Car, Bike, Cycle|150 PSI Pressure| 120 Watt Air Pump|12V Car Plug| Digital Display| Auto Shut-Off| Emergency LED Light| 3m Cord| 3 Air Nozzles| Compact| AER TI-02",SELLABLE,2,0,0,0,0,0,0,0,0,0,0,0,2,0,MAA4
03-08-2026,X0028X7N5Z,B0DJFH6RTL,FBA79473,"NexLev Portable Tyre Inflator for Car, Bike, Cycle|150 PSI Pressure| 120 Watt Air Pump|12V Car Plug| Digital Display| Auto Shut-Off| Emergency LED Light| 3m Cord| 3 Air Nozzles| Compact| AER TI-02",SELLABLE,1,0,0,0,0,0,0,0,0,0,0,0,1,0,PNQ3
03-08-2026,X0028X7N8H,B0DCK7ZH5P,FBA79439,"NexLev Mattress, Sofa, Carpet & Car Seat Vacuum Cleaner|For Dust Mites Allergens & Pet Hair|Cordless Design|1500*3 mAh |UV Sterilization, Double Beat Technology|Type C| HEPA captures 99.99% Dust|MR-02",SELLABLE,2,0,0,0,0,0,0,0,0,0,0,0,2,0,AMD2
03-08-2026,X0028X7N8H,B0DCK7ZH5P,FBA79439,"NexLev Mattress, Sofa, Carpet & Car Seat Vacuum Cleaner|For Dust Mites Allergens & Pet Hair|Cordless Design|1500*3 mAh |UV Sterilization, Double Beat Technology|Type C| HEPA captures 99.99% Dust|MR-02",SELLABLE,8,0,0,0,0,0,0,0,0,0,0,0,8,0,BLR7
03-08-2026,X0028X7N8H,B0DCK7ZH5P,FBA79439,"NexLev Mattress, Sofa, Carpet & Car Seat Vacuum Cleaner|For Dust Mites Allergens & Pet Hair|Cordless Design|1500*3 mAh |UV Sterilization, Double Beat Technology|Type C| HEPA captures 99.99% Dust|MR-02",SELLABLE,9,0,0,-1,0,0,0,0,0,0,0,0,8,0,BOM5
03-08-2026,X0028X7N8H,B0DCK7ZH5P,FBA79439,"NexLev Mattress, Sofa, Carpet & Car Seat Vacuum Cleaner|For Dust Mites Allergens & Pet Hair|Cordless Design|1500*3 mAh |UV Sterilization, Double Beat Technology|Type C| HEPA captures 99.99% Dust|MR-02",SELLABLE,7,0,0,0,0,0,0,0,0,0,0,0,7,0,DED4
03-08-2026,X0028X7N8H,B0DCK7ZH5P,FBA79439,"NexLev Mattress, Sofa, Carpet & Car Seat Vacuum Cleaner|For Dust Mites Allergens & Pet Hair|Cordless Design|1500*3 mAh |UV Sterilization, Double Beat Technology|Type C| HEPA captures 99.99% Dust|MR-02",SELLABLE,1,0,0,0,0,0,0,0,0,0,0,0,1,0,HYD3
03-08-2026,X0028X7N8H,B0DCK7ZH5P,FBA79439,"NexLev Mattress, Sofa, Carpet & Car Seat Vacuum Cleaner|For Dust Mites Allergens & Pet Hair|Cordless Design|1500*3 mAh |UV Sterilization, Double Beat Technology|Type C| HEPA captures 99.99% Dust|MR-02",SELLABLE,4,0,0,0,0,0,0,0,0,0,0,0,4,0,HYD8
03-08-2026,X0028X7N8H,B0DCK7ZH5P,FBA79439,"NexLev Mattress, Sofa, Carpet & Car Seat Vacuum Cleaner|For Dust Mites Allergens & Pet Hair|Cordless Design|1500*3 mAh |UV Sterilization, Double Beat Technology|Type C| HEPA captures 99.99% Dust|MR-02",SELLABLE,8,0,0,0,0,0,0,0,0,0,0,0,8,0,LKO1
03-08-2026,X0028X7N8H,B0DCK7ZH5P,FBA79439,"NexLev Mattress, Sofa, Carpet & Car Seat Vacuum Cleaner|For Dust Mites Allergens & Pet Hair|Cordless Design|1500*3 mAh |UV Sterilization, Double Beat Technology|Type C| HEPA captures 99.99% Dust|MR-02",SELLABLE,6,0,0,0,0,0,0,0,0,0,0,0,6,0,MAA4
03-08-2026,X0028X7N8H,B0DCK7ZH5P,FBA79439,"NexLev Mattress, Sofa, Carpet & Car Seat Vacuum Cleaner|For Dust Mites Allergens & Pet Hair|Cordless Design|1500*3 mAh |UV Sterilization, Double Beat Technology|Type C| HEPA captures 99.99% Dust|MR-02",SELLABLE,6,0,0,0,0,0,0,0,0,0,0,0,6,0,PNQ3
03-08-2026,X0028X7N9B,B0D25LNDSY,FBA79346,Nexlev Rechargeable Electric Toothbrush| 120 Days Life | 35K strokes/min| Type C| 5 Modes for Daily Use| 2 Min timer with 30sec Quadpacer | 4 Brushheads| IPX7 Waterproof| For Men & Women | ETC-04 White,SELLABLE,7,0,0,0,0,0,0,0,0,0,0,0,7,0,AMD2
03-08-2026,X0028X7N9B,B0D25LNDSY,FBA79346,Nexlev Rechargeable Electric Toothbrush| 120 Days Life | 35K strokes/min| Type C| 5 Modes for Daily Use| 2 Min timer with 30sec Quadpacer | 4 Brushheads| IPX7 Waterproof| For Men & Women | ETC-04 White,SELLABLE,6,0,0,0,0,0,0,0,0,0,0,0,6,0,BOM5
03-08-2026,X0028X7N9B,B0D25LNDSY,FBA79346,Nexlev Rechargeable Electric Toothbrush| 120 Days Life | 35K strokes/min| Type C| 5 Modes for Daily Use| 2 Min timer with 30sec Quadpacer | 4 Brushheads| IPX7 Waterproof| For Men & Women | ETC-04 White,SELLABLE,8,0,0,0,0,0,0,0,0,0,0,0,8,0,CCX1
03-08-2026,X0028X7N9B,B0D25LNDSY,FBA79346,Nexlev Rechargeable Electric Toothbrush| 120 Days Life | 35K strokes/min| Type C| 5 Modes for Daily Use| 2 Min timer with 30sec Quadpacer | 4 Brushheads| IPX7 Waterproof| For Men & Women | ETC-04 White,SELLABLE,1,0,0,0,0,0,0,0,0,0,0,0,1,0,CJB1
03-08-2026,X0028X7N9B,B0D25LNDSY,FBA79346,Nexlev Rechargeable Electric Toothbrush| 120 Days Life | 35K strokes/min| Type C| 5 Modes for Daily Use| 2 Min timer with 30sec Quadpacer | 4 Brushheads| IPX7 Waterproof| For Men & Women | ETC-04 White,SELLABLE,6,0,0,0,0,0,0,0,0,0,0,0,6,0,HYD3
03-08-2026,X0028X7N9B,B0D25LNDSY,FBA79346,Nexlev Rechargeable Electric Toothbrush| 120 Days Life | 35K strokes/min| Type C| 5 Modes for Daily Use| 2 Min timer with 30sec Quadpacer | 4 Brushheads| IPX7 Waterproof| For Men & Women | ETC-04 White,SELLABLE,21,0,0,0,0,0,0,0,0,0,0,0,21,0,PNQ3
03-08-2026,X0028X7NAF,B0DFD123P5,FBA79489,"Nexlev MultiPurpose Electric Food Kettle|1.5 L Ceramic Pot | 600W| Boil, Steam, Fry, Saute| Double Layered Body| 2 Temperature Settings| Multi Cooker for Water, Egg, Tea, Soup, Noodles, Rice| KE-02",CARRIER_DAMAGED,1,0,0,0,0,0,0,0,0,0,0,0,1,0,BLR5
03-08-2026,X0028X7NAF,B0DFD123P5,FBA79489,"Nexlev MultiPurpose Electric Food Kettle|1.5 L Ceramic Pot | 600W| Boil, Steam, Fry, Saute| Double Layered Body| 2 Temperature Settings| Multi Cooker for Water, Egg, Tea, Soup, Noodles, Rice| KE-02",SELLABLE,7,0,0,0,0,0,0,0,0,0,0,0,7,0,BOM5
03-08-2026,X0028X7NAF,B0DFD123P5,FBA79489,"Nexlev MultiPurpose Electric Food Kettle|1.5 L Ceramic Pot | 600W| Boil, Steam, Fry, Saute| Double Layered Body| 2 Temperature Settings| Multi Cooker for Water, Egg, Tea, Soup, Noodles, Rice| KE-02",SELLABLE,3,0,0,0,0,0,0,0,0,0,0,0,3,0,MAA4
03-08-2026,X0028X7PPX,B0DVCDD5VC,FBA79678,"nexlev Travel Neck Pillow | Orthopedic Premium Memory Foam | for Airplane, Car, Train, Office use & Cervical Pain | Machine Washable | 360 Support | Carry Pouch for Storage | NP-07",SELLABLE,1,0,0,0,0,0,0,0,0,0,0,0,1,0,AMD2
03-08-2026,X0028X8539,B0DVC7VJP1,FBA79679,"NexLev Stand Mixer |5.5L SS Bowl | 1500W |10 Speeds | Pulse Function |Planetary Rotation | Whisk, Beater & Dough Hook|100% Copper Motor | For Roti & Cookie Dough, Cake Making, Whip Cream & more |ST-01",SELLABLE,0,0,15,0,0,0,0,0,0,0,0,0,15,0,BOM5
03-08-2026,X0028X8539,B0DVC7VJP1,FBA79679,"NexLev Stand Mixer |5.5L SS Bowl | 1500W |10 Speeds | Pulse Function |Planetary Rotation | Whisk, Beater & Dough Hook|100% Copper Motor | For Roti & Cookie Dough, Cake Making, Whip Cream & more |ST-01",SELLABLE,3,0,0,0,0,0,0,0,0,0,0,0,3,0,DEL4
03-08-2026,X0028X8539,B0DVC7VJP1,FBA79679,"NexLev Stand Mixer |5.5L SS Bowl | 1500W |10 Speeds | Pulse Function |Planetary Rotation | Whisk, Beater & Dough Hook|100% Copper Motor | For Roti & Cookie Dough, Cake Making, Whip Cream & more |ST-01",SELLABLE,1,0,0,0,0,0,0,0,0,0,0,0,1,0,HYD8
03-08-2026,X0028X8539,B0DVC7VJP1,FBA79679,"NexLev Stand Mixer |5.5L SS Bowl | 1500W |10 Speeds | Pulse Function |Planetary Rotation | Whisk, Beater & Dough Hook|100% Copper Motor | For Roti & Cookie Dough, Cake Making, Whip Cream & more |ST-01",SELLABLE,3,0,0,0,0,0,0,0,0,0,0,0,3,0,MAA4
03-08-2026,X0028X8539,B0DVC7VJP1,FBA79679,"NexLev Stand Mixer |5.5L SS Bowl | 1500W |10 Speeds | Pulse Function |Planetary Rotation | Whisk, Beater & Dough Hook|100% Copper Motor | For Roti & Cookie Dough, Cake Making, Whip Cream & more |ST-01",SELLABLE,10,0,0,0,0,0,0,0,0,0,0,0,10,0,PNQ3
03-08-2026,X0028X85CF,B0DVC9PRSD,FBA79683,NexLev Air Purifier for Living Room | 650 sqft Area |True HEPA 13 with 8500 Hrs Filter Life |Captures 99.99% Virus and PM 2.5 |Smart AQI Indicator |Home & Office Use|App Support|Sleep & Auto Mode| A6,SELLABLE,1,0,0,0,0,0,0,0,0,0,0,0,1,0,BLR8
03-08-2026,X0028X85CF,B0DVC9PRSD,FBA79683,NexLev Air Purifier for Living Room | 650 sqft Area |True HEPA 13 with 8500 Hrs Filter Life |Captures 99.99% Virus and PM 2.5 |Smart AQI Indicator |Home & Office Use|App Support|Sleep & Auto Mode| A6,SELLABLE,1,0,0,0,0,0,0,0,0,0,0,0,1,0,BOM5
03-08-2026,X0029WQOW3,B0DTK4FY1G,FBA79698,"NexLev Spin Scrubber with Soap Spray | 6 heads| For Kitchen, Tub, Glass, Complete cleaning tool for Home, Office & Car| 90 min runtime | 4500 mAh | Cordless Type C | Adjustable Handle|SS-01, White",SELLABLE,4,0,0,0,0,0,0,0,0,0,0,0,4,0,BLR7
03-08-2026,X002A01YVP,B0F43P6D23,FBA79652,nexlev Steam Cleaner | Complete Home Kitchen Floor Bathroom Car & Office Cleaning machine | 9 Accessories | 450 ML | Window Pane Sink Grime Chimney Grease Water Stain Cleaner| 4 M Cord |1050W |SC-05,CARRIER_DAMAGED,1,0,0,0,0,0,0,0,0,0,0,0,1,0,PNQ3
03-08-2026,X002A01YVP,B0F43P6D23,FBA79652,nexlev Steam Cleaner | Complete Home Kitchen Floor Bathroom Car & Office Cleaning machine | 9 Accessories | 450 ML | Window Pane Sink Grime Chimney Grease Water Stain Cleaner| 4 M Cord |1050W |SC-05,SELLABLE,1,0,0,0,0,0,0,0,0,0,0,0,1,0,AMD2
03-08-2026,X002A01YVP,B0F43P6D23,FBA79652,nexlev Steam Cleaner | Complete Home Kitchen Floor Bathroom Car & Office Cleaning machine | 9 Accessories | 450 ML | Window Pane Sink Grime Chimney Grease Water Stain Cleaner| 4 M Cord |1050W |SC-05,SELLABLE,1,1,0,0,0,0,-1,0,0,0,0,0,0,0,BLR5
03-08-2026,X002A01YVP,B0F43P6D23,FBA79652,nexlev Steam Cleaner | Complete Home Kitchen Floor Bathroom Car & Office Cleaning machine | 9 Accessories | 450 ML | Window Pane Sink Grime Chimney Grease Water Stain Cleaner| 4 M Cord |1050W |SC-05,SELLABLE,1,0,0,0,0,0,0,0,0,0,0,0,1,0,BOM5
03-08-2026,X002A01YVP,B0F43P6D23,FBA79652,nexlev Steam Cleaner | Complete Home Kitchen Floor Bathroom Car & Office Cleaning machine | 9 Accessories | 450 ML | Window Pane Sink Grime Chimney Grease Water Stain Cleaner| 4 M Cord |1050W |SC-05,SELLABLE,1,0,0,0,0,0,0,0,0,0,0,0,1,0,HYD3
03-08-2026,X002A01YVP,B0F43P6D23,FBA79652,nexlev Steam Cleaner | Complete Home Kitchen Floor Bathroom Car & Office Cleaning machine | 9 Accessories | 450 ML | Window Pane Sink Grime Chimney Grease Water Stain Cleaner| 4 M Cord |1050W |SC-05,SELLABLE,0,18,0,0,0,0,0,0,0,0,0,0,0,0,ISK3
03-08-2026,X002A01YVP,B0F43P6D23,FBA79652,nexlev Steam Cleaner | Complete Home Kitchen Floor Bathroom Car & Office Cleaning machine | 9 Accessories | 450 ML | Window Pane Sink Grime Chimney Grease Water Stain Cleaner| 4 M Cord |1050W |SC-05,SELLABLE,6,0,0,0,0,0,0,0,0,0,0,0,6,0,LKO1
03-08-2026,X002A16MCZ,B0D67727VG,FBP79350,NexLev LED Therapy Oil Applicator | Reduce Dandruff | Improve Hair Growth | EMS for Scalp Improvement | Red & Blue Light | High Frequency Massage for Better Absorption | 10 ML | Waterproof | EA-01,SELLABLE,2,0,0,0,0,0,0,0,0,0,0,0,2,0,AMD2
03-08-2026,X002A16MCZ,B0D67727VG,FBP79350,NexLev LED Therapy Oil Applicator | Reduce Dandruff | Improve Hair Growth | EMS for Scalp Improvement | Red & Blue Light | High Frequency Massage for Better Absorption | 10 ML | Waterproof | EA-01,SELLABLE,2,0,0,0,0,0,0,0,0,0,0,0,2,0,BLR8
03-08-2026,X002A16MCZ,B0D67727VG,FBP79350,NexLev LED Therapy Oil Applicator | Reduce Dandruff | Improve Hair Growth | EMS for Scalp Improvement | Red & Blue Light | High Frequency Massage for Better Absorption | 10 ML | Waterproof | EA-01,SELLABLE,2,0,0,0,0,0,0,0,0,0,0,0,2,0,BOM5
03-08-2026,X002A16MCZ,B0D67727VG,FBP79350,NexLev LED Therapy Oil Applicator | Reduce Dandruff | Improve Hair Growth | EMS for Scalp Improvement | Red & Blue Light | High Frequency Massage for Better Absorption | 10 ML | Waterproof | EA-01,SELLABLE,2,0,0,0,0,0,0,0,0,0,0,0,2,0,BOM7
03-08-2026,X002A16MCZ,B0D67727VG,FBP79350,NexLev LED Therapy Oil Applicator | Reduce Dandruff | Improve Hair Growth | EMS for Scalp Improvement | Red & Blue Light | High Frequency Massage for Better Absorption | 10 ML | Waterproof | EA-01,SELLABLE,9,0,0,0,0,0,0,0,0,0,0,0,9,0,CCX1
03-08-2026,X002A16MCZ,B0D67727VG,FBP79350,NexLev LED Therapy Oil Applicator | Reduce Dandruff | Improve Hair Growth | EMS for Scalp Improvement | Red & Blue Light | High Frequency Massage for Better Absorption | 10 ML | Waterproof | EA-01,SELLABLE,1,0,0,0,0,0,0,0,0,0,0,0,1,0,DED4
03-08-2026,X002A16MCZ,B0D67727VG,FBP79350,NexLev LED Therapy Oil Applicator | Reduce Dandruff | Improve Hair Growth | EMS for Scalp Improvement | Red & Blue Light | High Frequency Massage for Better Absorption | 10 ML | Waterproof | EA-01,SELLABLE,1,0,0,0,0,0,0,0,0,0,0,0,1,0,DEL4
03-08-2026,X002A16MCZ,B0D67727VG,FBP79350,NexLev LED Therapy Oil Applicator | Reduce Dandruff | Improve Hair Growth | EMS for Scalp Improvement | Red & Blue Light | High Frequency Massage for Better Absorption | 10 ML | Waterproof | EA-01,SELLABLE,1,0,0,0,0,0,0,0,0,0,0,0,1,0,DEL5
03-08-2026,X002A16MCZ,B0D67727VG,FBP79350,NexLev LED Therapy Oil Applicator | Reduce Dandruff | Improve Hair Growth | EMS for Scalp Improvement | Red & Blue Light | High Frequency Massage for Better Absorption | 10 ML | Waterproof | EA-01,SELLABLE,1,0,0,0,0,0,0,0,0,0,0,0,1,0,HYD3
03-08-2026,X002A16MCZ,B0D67727VG,FBP79350,NexLev LED Therapy Oil Applicator | Reduce Dandruff | Improve Hair Growth | EMS for Scalp Improvement | Red & Blue Light | High Frequency Massage for Better Absorption | 10 ML | Waterproof | EA-01,SELLABLE,3,0,0,0,0,0,0,0,0,0,0,0,3,0,LKO1
03-08-2026,X002A16MCZ,B0D67727VG,FBP79350,NexLev LED Therapy Oil Applicator | Reduce Dandruff | Improve Hair Growth | EMS for Scalp Improvement | Red & Blue Light | High Frequency Massage for Better Absorption | 10 ML | Waterproof | EA-01,SELLABLE,2,0,0,0,0,0,0,0,0,0,0,0,2,0,MAA4
03-08-2026,X002A16MCZ,B0D67727VG,FBP79350,NexLev LED Therapy Oil Applicator | Reduce Dandruff | Improve Hair Growth | EMS for Scalp Improvement | Red & Blue Light | High Frequency Massage for Better Absorption | 10 ML | Waterproof | EA-01,SELLABLE,2,0,0,0,0,0,0,0,0,0,0,0,2,0,PNQ3
03-08-2026,X002AMFVW1,B0D9KFZYG8,FBA79404,"NexLev Steamer For Cold & Cough| Face Steam,Inhaler & Vaporizer | Perfect for Facial & Aromatherapy | Nano Ionic Steam | Uv Sterilization | Aroma Diffuser|30 Sec Heating|Avoid Burns & Spillage | FS-01",SELLABLE,5,0,0,0,0,0,0,0,0,0,0,0,5,0,BLR8
03-08-2026,X002AMFVW1,B0D9KFZYG8,FBA79404,"NexLev Steamer For Cold & Cough| Face Steam,Inhaler & Vaporizer | Perfect for Facial & Aromatherapy | Nano Ionic Steam | Uv Sterilization | Aroma Diffuser|30 Sec Heating|Avoid Burns & Spillage | FS-01",SELLABLE,10,0,0,0,0,0,0,0,0,0,0,0,10,0,BOM5
03-08-2026,X002AMFVW1,B0D9KFZYG8,FBA79404,"NexLev Steamer For Cold & Cough| Face Steam,Inhaler & Vaporizer | Perfect for Facial & Aromatherapy | Nano Ionic Steam | Uv Sterilization | Aroma Diffuser|30 Sec Heating|Avoid Burns & Spillage | FS-01",SELLABLE,1,0,0,0,0,0,0,0,0,0,0,0,1,0,CJB1
03-08-2026,X002AMFVW1,B0D9KFZYG8,FBA79404,"NexLev Steamer For Cold & Cough| Face Steam,Inhaler & Vaporizer | Perfect for Facial & Aromatherapy | Nano Ionic Steam | Uv Sterilization | Aroma Diffuser|30 Sec Heating|Avoid Burns & Spillage | FS-01",SELLABLE,2,0,0,0,0,0,0,0,0,0,0,0,2,0,HYD8
03-08-2026,X002AMFVW1,B0D9KFZYG8,FBA79404,"NexLev Steamer For Cold & Cough| Face Steam,Inhaler & Vaporizer | Perfect for Facial & Aromatherapy | Nano Ionic Steam | Uv Sterilization | Aroma Diffuser|30 Sec Heating|Avoid Burns & Spillage | FS-01",SELLABLE,0,20,0,0,0,0,0,0,0,0,0,0,0,0,ISK3
03-08-2026,X002CZZ1R1,B0FJ8SFNRH,FBA79809,"NexLev 1500W Electric Water Kettle | 1.8L | 304 SS - Auto Cut Off | 3x Protection| Instant Boiling, Water, Tea, Coffee, Noodles, Soup | Cool Touch Handle & Lid | 3Mins Rapid Heating | Cordless | KE-03",SELLABLE,16,0,0,0,0,0,0,0,0,0,0,0,16,0,AMD2
03-08-2026,X002CZZ1R1,B0FJ8SFNRH,FBA79809,"NexLev 1500W Electric Water Kettle | 1.8L | 304 SS - Auto Cut Off | 3x Protection| Instant Boiling, Water, Tea, Coffee, Noodles, Soup | Cool Touch Handle & Lid | 3Mins Rapid Heating | Cordless | KE-03",SELLABLE,12,0,0,0,0,0,0,0,0,0,0,0,12,0,BLR7
03-08-2026,X002CZZ1R1,B0FJ8SFNRH,FBA79809,"NexLev 1500W Electric Water Kettle | 1.8L | 304 SS - Auto Cut Off | 3x Protection| Instant Boiling, Water, Tea, Coffee, Noodles, Soup | Cool Touch Handle & Lid | 3Mins Rapid Heating | Cordless | KE-03",SELLABLE,2,0,0,0,0,0,0,0,0,0,0,0,2,0,BLR8
03-08-2026,X002CZZ1R1,B0FJ8SFNRH,FBA79809,"NexLev 1500W Electric Water Kettle | 1.8L | 304 SS - Auto Cut Off | 3x Protection| Instant Boiling, Water, Tea, Coffee, Noodles, Soup | Cool Touch Handle & Lid | 3Mins Rapid Heating | Cordless | KE-03",SELLABLE,8,0,0,0,0,0,0,0,0,0,0,0,8,0,DEL4
03-08-2026,X002CZZ1R1,B0FJ8SFNRH,FBA79809,"NexLev 1500W Electric Water Kettle | 1.8L | 304 SS - Auto Cut Off | 3x Protection| Instant Boiling, Water, Tea, Coffee, Noodles, Soup | Cool Touch Handle & Lid | 3Mins Rapid Heating | Cordless | KE-03",SELLABLE,8,0,0,0,0,0,0,0,0,0,0,0,8,0,DEL5
03-08-2026,X002CZZ1R1,B0FJ8SFNRH,FBA79809,"NexLev 1500W Electric Water Kettle | 1.8L | 304 SS - Auto Cut Off | 3x Protection| Instant Boiling, Water, Tea, Coffee, Noodles, Soup | Cool Touch Handle & Lid | 3Mins Rapid Heating | Cordless | KE-03",SELLABLE,12,0,0,0,0,0,0,0,0,0,0,0,12,0,HYD8
03-08-2026,X002CZZ1R1,B0FJ8SFNRH,FBA79809,"NexLev 1500W Electric Water Kettle | 1.8L | 304 SS - Auto Cut Off | 3x Protection| Instant Boiling, Water, Tea, Coffee, Noodles, Soup | Cool Touch Handle & Lid | 3Mins Rapid Heating | Cordless | KE-03",SELLABLE,12,0,0,0,0,0,0,0,0,0,0,0,12,0,LKO1
03-08-2026,X002CZZ1R1,B0FJ8SFNRH,FBA79809,"NexLev 1500W Electric Water Kettle | 1.8L | 304 SS - Auto Cut Off | 3x Protection| Instant Boiling, Water, Tea, Coffee, Noodles, Soup | Cool Touch Handle & Lid | 3Mins Rapid Heating | Cordless | KE-03",SELLABLE,12,0,0,0,0,0,0,0,0,0,0,0,12,0,MAA4
03-08-2026,X002CZZ1R1,B0FJ8SFNRH,FBA79809,"NexLev 1500W Electric Water Kettle | 1.8L | 304 SS - Auto Cut Off | 3x Protection| Instant Boiling, Water, Tea, Coffee, Noodles, Soup | Cool Touch Handle & Lid | 3Mins Rapid Heating | Cordless | KE-03",SELLABLE,26,0,0,0,0,0,0,0,0,0,0,0,26,0,PNQ3
