week,brand,model,channel,sku,sku_status,units_sold,gross_sales,gmv,nlc,sales_nlc,category_l0,category_l1,category_l2
Week 4,Nexlev,AP-01,Amazon,FBA79683,MAPPED,1,12625,12625,8723.1,8723.1,Home & Kitchen,Air Purifier,Air Purifier
Week 4,Nexlev,AP-01 HEPA,Amazon,FBA79777,MAPPED,0,0,0,2350,0,Home & Kitchen,HEPA,Spares
Week 4,Nexlev,AP-03,Amazon,FBA79692,MAPPED,1,4140,4140,1346.8,1346.8,Home & Kitchen,Air Purifier,NexLev Air Purifier Mini
Week 4,Nexlev,BM-02,Amazon,FBA79598,MAPPED,1,0,0,882.8127968,882.8127968,HPC,Electric Massagers,Back & Shoulder Massager
Week 4,Nexlev,BM-03,Amazon,FBA79674,MAPPED,1,1859,1859,903.1,903.1,HPC,Electric Massagers,Back and Shoulder Massager Pro
Week 4,Nexlev,BR-01,1p Sales,FBA79570,MAPPED,0,0,0,508.012479,0,HPC,Skin Care,Blackhead Remover
Week 4,Nexlev,BR-01,Amazon,FBA79570,MAPPED,45,61504,61504,508.012479,22860.56156,HPC,Skin Care,Blackhead Remover
Week 4,Nexlev,CF-01,Amazon,FBA79484,MAPPED,0,0,0,645.2114448,0,Home & Kitchen,Kitchen Appliances,Drip Coffee Maker
Week 4,Nexlev,CFM-02,Amazon,FBA79689,MAPPED,1,5699,5699,3048.1,3048.1,HPC,Electric Massagers,Complete Leg Massager
Week 4,Nexlev,CM-01-BL,1p Sales,FBA79464,MAPPED,0,0,0,525.0418992,0,HPC,Electric Massagers,Electric Heating Pads
Week 4,Nexlev,CM-01-BL,Amazon,FBA79464,MAPPED,5,6135,6135,525.0418992,2625.209496,HPC,Electric Massagers,Electric Heating Pads
Week 4,Nexlev,CM-02-PR,Amazon,FBA79472,MAPPED,11,14479,14479,525.0418992,5775.460891,HPC,Electric Massagers,Electric Heating Pads
Week 4,Nexlev,CR-01,Amazon,FBA79265,MAPPED,2,1376,1376,505.7546458,1011.509292,HPC,Skin Care,Callus Remover
Week 4,Nexlev,EA-01,Amazon,FBA79350,MAPPED,21,20827,20827,677.349972,14224.34941,HPC,Hair Care,Hair Oil Applicator
Week 4,Nexlev,EA-02,Amazon,FBA79573,MAPPED,7,14690,14690,1281.320364,8969.242546,HPC,Hair Care,Hair Oil Applicator
Week 4,Nexlev,ET-01-BK_N,Amazon,FBA79373,MAPPED,45,12703,12703,183.6371035,8263.669658,HPC,Oral Care,Electric Toothbrush
Week 4,Nexlev,ET-02-GN_N,Amazon,FBA79374,MAPPED,22,6195,6195,183.6371035,4040.016277,HPC,Oral Care,Electric Toothbrush
Week 4,Nexlev,ET-03-BL_N,Amazon,FBA79375,MAPPED,0,0,0,183.6371035,0,HPC,Oral Care,Electric Toothbrush - Sonic
Week 4,Nexlev,ETC-04-WH,1p Sales,FBA79346,MAPPED,0,0,0,390.8492406,0,HPC,Oral Care,Electric Toothbrush
Week 4,Nexlev,ETC-04-WH,Amazon,FBA79346,MAPPED,1,759,759,390.8492406,390.8492406,HPC,Oral Care,Electric Toothbrush
Week 4,Nexlev,ETC-05-PI,Amazon,FBA79347,MAPPED,0,0,0,390.8492406,0,HPC,Oral Care,Electric Toothbrush
Week 4,Nexlev,ETC-07-WH,Amazon,FBA79673,MAPPED,15,9242,9242,352.4,5286,HPC,Oral Care,Electric Toothbrush
Week 4,Nexlev,ETC-08-BL,Amazon,FBA79707,MAPPED,1,739,739,367,367,HPC,Oral Care,Electric Toothbrush
Week 4,Nexlev,ETR-06,Amazon,FBA79381,MAPPED,3,3443,3443,640.2482798,1920.74484,HPC,Oral Care,Electric Toothbrush - Oscillating
Week 4,Nexlev,FS-01,Amazon,FBA79404,MAPPED,15,24266,24266,831.3301308,12469.95196,HPC,Skin Care,Face Steamer
Week 4,Nexlev,GS-02,Amazon,FBA78980,MAPPED,47,91642,91642,1181.383129,55525.00704,Home & Kitchen,Fabric Care,Garment steamer
Week 4,Nexlev,GS-04,Amazon,FBA79229,MAPPED,4,6321,6321,1430.757839,5723.031354,Home & Kitchen,Fabric Care,Garment steamer
Week 4,Nexlev,GS-05,Amazon,FBA79268,MAPPED,39,66089,66089,868.553868,33873.60085,Home & Kitchen,Fabric Care,Garment steamer
Week 4,Nexlev,HB-01,Amazon,FBA79676,MAPPED,0,0,0,1089.4,0,HPC,Electric Massagers,Heated Wrap Belt
Week 4,Nexlev,HD-01,Amazon,FBA79278,MAPPED,0,0,0,725.8628754,0,HPC,Hair Care,Hair Dryer
Week 4,Nexlev,HM-01,1p Sales,FBA79332,MAPPED,1,862.86,862.86,530.3994696,530.3994696,HPC,Hair Care,Head Massager
Week 4,Nexlev,HM-01,Amazon,FBA79332,MAPPED,0,0,0,530.3994696,0,HPC,Hair Care,Head Massager
Week 4,Nexlev,HM-02,Amazon,FBA79333,MAPPED,5,6805,6805,642.908448,3214.54224,HPC,Hair Care,Head Massager
Week 4,Nexlev,HS-01,Amazon,FBA79272,MAPPED,0,0,0,356.1070859,0,HPC,Hair Care,Hair Straightener
Week 4,Nexlev,HS-02,Amazon,FBA79273,MAPPED,0,0,0,367.274207,0,HPC,Hair Care,Hair Straightener
Week 4,Nexlev,HSB-03,Amazon,FBA79405,MAPPED,14,22737,22737,823.8853834,11534.39537,HPC,Hair Care,Hair Straightener Brush - Corded
Week 4,Nexlev,HSB-04,1p Sales,FBA79406,MAPPED,0,0,0,1013.726443,0,HPC,Hair Care,Hair Straightener Brush - Cordless
Week 4,Nexlev,HSB-04,Amazon,FBA79406,MAPPED,41,81924,81924,1013.726443,41562.78417,HPC,Hair Care,Hair Straightener Brush - Cordless
Week 4,Nexlev,HU-01,Amazon,FBA79681,MAPPED,10,14017,14017,709.7,7097,Home & Kitchen,Air Purifier,Humidifier Black
Week 4,Nexlev,HU-02,Amazon,FBA79682,MAPPED,3,5682,5682,709.7,2129.1,Home & Kitchen,Air Purifier,Humidifier White
Week 4,Nexlev,KE-01,Amazon,FBA79488,MAPPED,16,26844,26844,899.573649,14393.17838,Home & Kitchen,Kitchen Appliances,Electric Multi Kettles
Week 4,Nexlev,KE-02,Amazon,FBA79489,MAPPED,25,35412,35412,899.573649,22489.34122,Home & Kitchen,Kitchen Appliances,Electric Multi Kettles
Week 4,Nexlev,KE-03,Amazon,FBA79809,MAPPED,1,579,579,324.5,324.5,Home & Kitchen,Kitchen Appliances,Electric Kettle
Week 4,Nexlev,KM-01,Amazon,FBA79591,MAPPED,1,0,0,976.5128763,976.5128763,HPC,Electric Massagers,Knee Massager
Week 4,Nexlev,LE-02,Amazon,FBA79440,MAPPED,23,42567,42567,767.6633016,17656.25594,HPC,Hair Care,Hair Therapy Comb
Week 4,Nexlev,LE-03,Amazon,FBA79443,MAPPED,0,0,0,935.8057702,0,HPC,Skin Care,LED Face & Skin Care Massager
Week 4,Nexlev,LE-04,1p Sales,FBA79469,MAPPED,1,1232.2,1232.2,564.45831,564.45831,HPC,Skin Care,Skin Lift Device
Week 4,Nexlev,LE-04,Amazon,FBA79469,MAPPED,4,5796,5796,564.45831,2257.83324,HPC,Skin Care,Skin Lift Device
Week 4,Nexlev,LE-06,Amazon,FBA79569,MAPPED,1,1699,1699,677.349972,677.349972,HPC,Skin Care,Red Light Therapy Wand
Week 4,Nexlev,LR-01,Amazon,FBA79279,MAPPED,14,11726,11726,428.0729778,5993.021689,Home & Kitchen,Fabric Care,Lint Remover
Week 4,Nexlev,LR-01 Set of 2 blades,Amazon,FBA79606,MAPPED,0,0,0,108,0,Home & Kitchen,Set of 2 blades,Spares
Week 4,Nexlev,LR-02,Amazon,FBA79280,MAPPED,29,37814,37814,843.7,24467.3,Home & Kitchen,Fabric Care,Lint Remover
Week 4,Nexlev,LR-02 Set of 2 blades,Amazon,FBA79607,MAPPED,2,950,950,145,290,Home & Kitchen,Set of 2 blades,Spares
Week 4,Nexlev,LR-03,Amazon,FBA79819,MAPPED,138,40539,40539,155.1,21403.8,Home & Kitchen,Fabric Care,Lint Remover
Week 4,Nexlev,MC-01,Amazon,FBA79811,MAPPED,10,4609,4609,290.7,2907,Home & Kitchen,Kitchen Appliances,Electric Mini Chopper
Week 4,Nexlev,MF-01,Amazon,FBA79810,MAPPED,1,529,529,255.9,255.9,Home & Kitchen,Kitchen Appliances,Milk Frother
Week 4,Nexlev,MG-01,Amazon,FBA79596,MAPPED,1,1619,1619,903.133296,903.133296,HPC,Electric Massagers,Massage Gun
Week 4,Nexlev,MGC-03,Amazon,FBA79687,MAPPED,0,0,0,920.1,0,HPC,Electric Massagers,Hot & Cold Massage Gun
Week 4,Nexlev,MGS-02,Amazon,FBA79686,MAPPED,0,0,0,407.5,0,HPC,Electric Massagers,Massage Gun - Mini
Week 4,Nexlev,MM-01,Amazon,FBA79688,MAPPED,0,0,0,5847.8,0,HPC,Electric Massagers,Foldable Massage Mat
Week 4,Nexlev,MR-01,Amazon,FBA79263,MAPPED,77,185493,185493,1072.470789,82580.25075,Home & Kitchen,Cleaning & Vacumming,Mite Remover
Week 4,Nexlev,MR-02,Amazon,FBA79439,MAPPED,30,102030,102030,1179.717868,35391.53604,Home & Kitchen,Cleaning & Vacumming,Mite Remover
Week 4,Nexlev,NP-01,Amazon,FBA78994,MAPPED,1,582,582,491.9055392,491.9055392,Home & Kitchen,Travel Accessories,Travel Pillow
Week 4,Nexlev,NP-02,Amazon,FBA78995,MAPPED,0,0,0,491.9055392,0,Home & Kitchen,Travel Accessories,Travel Pillow
Week 4,Nexlev,NP-03,Amazon,FBA78996,MAPPED,0,0,0,491.3022092,0,Home & Kitchen,Travel Accessories,Travel Pillow
Week 4,Nexlev,NP-05,Amazon,FBA78998,MAPPED,0,0,0,491.3022092,0,Home & Kitchen,Travel Accessories,Travel Pillow
Week 4,Nexlev,NP-06,Amazon,FBA79677,MAPPED,1,864,864,452.1,452.1,Home & Kitchen,Travel Accessories,Donut Travel Pillow
Week 4,Nexlev,NP-07,Amazon,FBA79678,MAPPED,0,0,0,452.1,0,Home & Kitchen,Travel Accessories,Donut Travel Pillow
Week 4,Nexlev,PB-01,Amazon,FBA79812,MAPPED,15,30425,30425,1247,18705,Home & Kitchen,Kitchen Appliances,Portable Blender
Week 4,Nexlev,PM-02,Amazon,FBA79690,MAPPED,0,0,0,891.8,0,HPC,Electric Massagers,Handheld Percussion Massager
Week 4,Nexlev,SC-01,Amazon,FBA78981,MAPPED,85,261992,261992,1698.341954,144359.0661,Home & Kitchen,Cleaning & Vacumming,Steam cleaner
Week 4,Nexlev,SC-02,Amazon,FBA79262,MAPPED,8,18119.33,18119.33,1284.218933,10273.75147,Home & Kitchen,Cleaning & Vacumming,Steam cleaner
Week 4,Nexlev,SC-03,Amazon,FBA79277,MAPPED,7,46532,46532,3722.37372,26056.61604,Home & Kitchen,Cleaning & Vacumming,Steam cleaner
Week 4,Nexlev,SC-04,Amazon,FBA79567,MAPPED,51,268603,268603,2481.58248,126560.7065,Home & Kitchen,Cleaning & Vacumming,Steam cleaner
Week 4,Nexlev,SC-05,Amazon,FBA79652,MAPPED,54,137116,137116,1340.1,72365.4,Home & Kitchen,Cleaning & Vacumming,Steam cleaner
Week 4,Nexlev,SC-05 SC-05 - Set of Spares,Amazon,FBA79912,MAPPED,0,0,0,350,0,Home & Kitchen,SC-05 - Set of Spares,Spares
Week 4,Nexlev,SM-01,Amazon,FBA79276,MAPPED,12,39032,39032,2481.58248,29778.98976,Home & Kitchen,Cleaning & Vacumming,Steam Mop
Week 4,Nexlev,SPM-01,Amazon,FBA79468,MAPPED,0,0,0,2427.170733,0,Home & Kitchen,Cleaning & Vacumming,Electric Spin Mop Swipe
Week 4,Nexlev,SPM-01 Set of 2 Mops,Amazon,FBA79717,MAPPED,0,0,0,250,0,Home & Kitchen,Set of 2 Mops,Spares
Week 4,Nexlev,SPM-01(New),Amazon,FBA79699,MAPPED,1,3899,3899,2427.170733,2427.170733,Home & Kitchen,Cleaning & Vacumming,Electric Spin Mop Swipe
Week 4,Nexlev,SS-01(New),Amazon,FBA79698,MAPPED,1,2254,2254,1439.317838,1439.317838,Home & Kitchen,Cleaning & Vacumming,Electric Spin Scrubber
Week 4,Nexlev,SS-02,Amazon,FBA79589,MAPPED,3,6147,6147,1117.627454,3352.882361,Home & Kitchen,Cleaning & Vacumming,Electric Spin Scrubber
Week 4,Nexlev,SS-02 Set of Spares,Amazon,FBA79657,MAPPED,0,0,0,350,0,Home & Kitchen,Set of Spares,Spares
Week 4,Nexlev,ST-01,Amazon,FBA79679,MAPPED,29,157920,157920,3164,91756,Home & Kitchen,Kitchen Appliances,Stand Mixer
Week 4,Nexlev,SW-01,Amazon,FBA79349,MAPPED,51,48235,48235,364.3147872,18580.05415,Home & Kitchen,Fabric Care,Mini Sewing Machine
Week 4,Nexlev,T-01,1p Sales,FBА79266,MAPPED,5,4158.48,4158.48,491.353331,2456.766655,HPC,Trimmers & Body Groomers,Women Trimmer
Week 4,Nexlev,T-01,Amazon,FBА79266,MAPPED,0,0,0,491.353331,0,HPC,Trimmers & Body Groomers,Women Trimmer
Week 4,Nexlev,T-02,1p Sales,FBA79267,MAPPED,2,1978.82,1978.82,576.9679266,1153.935853,HPC,Trimmers & Body Groomers,Women Trimmer
Week 4,Nexlev,T-02,Amazon,FBA79267,MAPPED,2,2204,2204,576.9679266,1153.935853,HPC,Trimmers & Body Groomers,Women Trimmer
Week 4,Nexlev,TI-01,Amazon,FBA79466,MAPPED,0,0,0,1178.014323,0,Home & Kitchen,Car Accessories,Tyre Inflators - Corded
Week 4,Nexlev,TI-02,Amazon,FBA79473,MAPPED,1,1329,1329,814.7014941,814.7014941,Home & Kitchen,Car Accessories,Tyre Inflators - Corded
Week 4,Nexlev,TIC-04,Amazon,FBA79475,MAPPED,0,0,0,1321.137558,0,Home & Kitchen,Car Accessories,Tyre Inflators - Cordless
Week 4,Nexlev,TM-01,Amazon,FBA79467,MAPPED,1,703,703,459.0927588,459.0927588,HPC,Trimmers & Body Groomers,Men's Beard Trimmer
Week 4,Nexlev,TM-02,Amazon,FBA79481,MAPPED,0,0,0,1240.79124,0,HPC,Trimmers & Body Groomers,Intimate Trimmer
Week 4,Nexlev,TM-03,Amazon,FBA79483,MAPPED,0,0,0,564.5600142,0,HPC,Trimmers & Body Groomers,Men's Body Trimmer
Week 4,Nexlev,TM-04,Amazon,FBA79485,MAPPED,0,0,0,436.7585165,0,HPC,Trimmers & Body Groomers,Body & Nose Trimmer
Week 4,Nexlev,TM-05,Amazon,FBA79693,MAPPED,0,0,0,1116.7,0,HPC,Trimmers & Body Groomers,Vacuum Trimmer
Week 4,Nexlev,V-01,1p Sales,FBA79271,MAPPED,0,0,0,682.435182,0,HPC,Hair Care,Volumizer
Week 4,Nexlev,V-01,Amazon,FBA79271,MAPPED,4,5086,5086,682.435182,2729.740728,HPC,Hair Care,Volumizer
Week 4,Nexlev,V-01 RG,Amazon,FBK79271,MAPPED,20,26224,26224,682.435182,13648.70364,HPC,Hair Care,Volumizer
Week 4,Nexlev,V-02,Amazon,FBA79492,MAPPED,2,3898,3898,1032.338312,2064.676623,HPC,Hair Care,Volumizer
Week 4,Nexlev,V-03,1p Sales,FBA79493,MAPPED,0,0,0,802.7919323,0,HPC,Hair Care,Volumizer
Week 4,Nexlev,V-03,Amazon,FBA79493,MAPPED,105,195967,195967,802.7919323,84293.15289,HPC,Hair Care,Volumizer
Week 4,Nexlev,VC-01,Amazon,FBA79452,MAPPED,63,121565,121565,982.1574594,61875.91994,Home & Kitchen,Cleaning & Vacumming,Vacuum Cleaner
Week 4,Nexlev,VC-02,Amazon,FBA79463,MAPPED,1,2599,2599,1335.091374,1335.091374,Home & Kitchen,Cleaning & Vacumming,Vacuum Cleaner
Week 4,Nexlev,VC-03,Amazon,FBA79480,MAPPED,2,3711,3711,835.0525045,1670.105009,Home & Kitchen,Cleaning & Vacumming,Vacuum Cleaner
Week 4,Nexlev,VC-04,Amazon,FBA79565,MAPPED,0,0,0,1160.139809,0,Home & Kitchen,Cleaning & Vacumming,Vacuum Cleaner
Week 4,Nexlev,VC-05,Amazon,FBA79566,MAPPED,2,4118,4118,1095.618665,2191.23733,Home & Kitchen,Cleaning & Vacumming,Vacuum Cleaner
Week 4,Nexlev,VC-06,Amazon,FBA79599,MAPPED,1,1279,1279,835.4,835.4,Home & Kitchen,Cleaning & Vacumming,Vacuum Cleaner
Week 5,Nexlev,AP-01,Amazon,FBA79683,MAPPED,0,0,0,8723.1,0,Home & Kitchen,Air Purifier,Air Purifier
Week 5,Nexlev,AP-01 HEPA,Amazon,FBA79777,MAPPED,0,0,0,2350,0,Home & Kitchen,HEPA,Spares
Week 5,Nexlev,AP-03,Amazon,FBA79692,MAPPED,0,0,0,1346.8,0,Home & Kitchen,Air Purifier,NexLev Air Purifier Mini
Week 5,Nexlev,BM-02,Amazon,FBA79598,MAPPED,0,0,0,882.8127968,0,HPC,Electric Massagers,Back & Shoulder Massager
Week 5,Nexlev,BR-01,1p Sales,FBA79570,MAPPED,0,0,0,508.012479,0,HPC,Skin Care,Blackhead Remover
Week 5,Nexlev,BR-01,Amazon,FBA79570,MAPPED,38,45944.91525,45944.91525,508.012479,19304.4742,HPC,Skin Care,Blackhead Remover
Week 5,Nexlev,CF-01,Amazon,FBA79484,MAPPED,1,1270.338983,1270.338983,645.2114448,645.2114448,Home & Kitchen,Kitchen Appliances,Drip Coffee Maker
Week 5,Nexlev,CFM-02,Amazon,FBA79689,MAPPED,0,0,0,3048.1,0,HPC,Electric Massagers,Complete Leg Massager
Week 5,Nexlev,CM-01-BL,1p Sales,FBA79464,MAPPED,0,0,0,525.0418992,0,HPC,Electric Massagers,Electric Heating Pads
Week 5,Nexlev,CM-01-BL,Amazon,FBA79464,MAPPED,4,4425.423729,4425.423729,525.0418992,2100.167597,HPC,Electric Massagers,Electric Heating Pads
Week 5,Nexlev,CM-02-PR,Amazon,FBA79472,MAPPED,5,4766.101695,4766.101695,525.0418992,2625.209496,HPC,Electric Massagers,Electric Heating Pads
Week 5,Nexlev,CR-01,Amazon,FBA79265,MAPPED,5.0004,3153.389831,3153.389831,505.7546458,2528.975531,HPC,Skin Care,Callus Remover
Week 5,Nexlev,EA-01,Amazon,FBA79350,MAPPED,29,27512.71186,27512.71186,677.349972,19643.14919,HPC,Hair Care,Hair Oil Applicator
Week 5,Nexlev,EA-02,Amazon,FBA79573,MAPPED,3,6907.627119,6907.627119,1281.320364,3843.961091,HPC,Hair Care,Hair Oil Applicator
Week 5,Nexlev,EM-02,Amazon,FBA79595,MAPPED,1,1694.067797,1694.067797,1354.699944,1354.699944,HPC,Electric Massagers,Eye Massager - Pro
Week 5,Nexlev,ET-01-BK_N,Amazon,FBA79373,MAPPED,29,7268.644068,7268.644068,183.6371035,5325.476002,HPC,Oral Care,Electric Toothbrush
Week 5,Nexlev,ET-02-GN_N,Amazon,FBA79374,MAPPED,20,4925.423729,4925.423729,183.6371035,3672.74207,HPC,Oral Care,Electric Toothbrush
Week 5,Nexlev,ET-03-BL_N,Amazon,FBA79375,MAPPED,0,0,0,183.6371035,0,HPC,Oral Care,Electric Toothbrush - Sonic
Week 5,Nexlev,ETC-04-WH,1p Sales,FBA79346,MAPPED,0,0,0,390.8492406,0,HPC,Oral Care,Electric Toothbrush
Week 5,Nexlev,ETC-04-WH,Amazon,FBA79346,MAPPED,0,0,0,390.8492406,0,HPC,Oral Care,Electric Toothbrush
Week 5,Nexlev,ETC-05-PI,Amazon,FBA79347,MAPPED,0,0,0,390.8492406,0,HPC,Oral Care,Electric Toothbrush
Week 5,Nexlev,ETC-07-WH,Amazon,FBA79673,MAPPED,6,4062.711864,4062.711864,352.4,2114.4,HPC,Oral Care,Electric Toothbrush
Week 5,Nexlev,ETC-08-BL,Amazon,FBA79707,MAPPED,1,626.2711864,626.2711864,367,367,HPC,Oral Care,Electric Toothbrush
Week 5,Nexlev,ETR-06,Amazon,FBA79381,MAPPED,4,4064.40678,4064.40678,640.2482798,2560.993119,HPC,Oral Care,Electric Toothbrush - Oscillating
Week 5,Nexlev,FS-01,Amazon,FBA79404,MAPPED,9,13339.83051,13339.83051,831.3301308,7481.971177,HPC,Skin Care,Face Steamer
Week 5,Nexlev,GS-02,Amazon,FBA78980,MAPPED,66,115540.678,115540.678,1181.383129,77971.28649,Home & Kitchen,Fabric Care,Garment steamer
Week 5,Nexlev,GS-04,Amazon,FBA79229,MAPPED,1,1863.559322,1863.559322,1430.757839,1430.757839,Home & Kitchen,Fabric Care,Garment steamer
Week 5,Nexlev,GS-05,Amazon,FBA79268,MAPPED,29,45472.88136,45472.88136,868.553868,25188.06217,Home & Kitchen,Fabric Care,Garment steamer
Week 5,Nexlev,HB-01,Amazon,FBA79676,MAPPED,1,2965.254237,2965.254237,1089.4,1089.4,HPC,Electric Massagers,Heated Wrap Belt
Week 5,Nexlev,HD-01,Amazon,FBA79278,MAPPED,0,0,0,725.8628754,0,HPC,Hair Care,Hair Dryer
Week 5,Nexlev,HM-01,1p Sales,FBA79332,MAPPED,1,862.86,862.86,530.3994696,530.3994696,HPC,Hair Care,Head Massager
Week 5,Nexlev,HM-01,Amazon,FBA79332,MAPPED,0,0,0,530.3994696,0,HPC,Hair Care,Head Massager
Week 5,Nexlev,HM-02,Amazon,FBA79333,MAPPED,3,2371.186441,2371.186441,642.908448,1928.725344,HPC,Hair Care,Head Massager
Week 5,Nexlev,HS-01,Amazon,FBA79272,MAPPED,0,0,0,356.1070859,0,HPC,Hair Care,Hair Straightener
Week 5,Nexlev,HS-02,Amazon,FBA79273,MAPPED,0,0,0,367.274207,0,HPC,Hair Care,Hair Straightener
Week 5,Nexlev,HSB-03,Amazon,FBA79405,MAPPED,27,43483.89831,43483.89831,823.8853834,22244.90535,HPC,Hair Care,Hair Straightener Brush - Corded
Week 5,Nexlev,HSB-04,1p Sales,FBA79406,MAPPED,0,0,0,1013.726443,0,HPC,Hair Care,Hair Straightener Brush - Cordless
Week 5,Nexlev,HSB-04,Amazon,FBA79406,MAPPED,25,42694.0678,42694.0678,1013.726443,25343.16108,HPC,Hair Care,Hair Straightener Brush - Cordless
Week 5,Nexlev,HU-01,Amazon,FBA79681,MAPPED,1.0004,18.6440678,18.6440678,709.7,709.98388,Home & Kitchen,Air Purifier,Humidifier Black
Week 5,Nexlev,HU-02,Amazon,FBA79682,MAPPED,2,3557.627119,3557.627119,709.7,1419.4,Home & Kitchen,Air Purifier,Humidifier White
Week 5,Nexlev,KE-01,Amazon,FBA79488,MAPPED,9,10375.42373,10375.42373,899.573649,8096.162841,Home & Kitchen,Kitchen Appliances,Electric Multi Kettles
Week 5,Nexlev,KE-02,Amazon,FBA79489,MAPPED,9,9485.59322,9485.59322,899.573649,8096.162841,Home & Kitchen,Kitchen Appliances,Electric Multi Kettles
Week 5,Nexlev,KE-03,Amazon,FBA79809,MAPPED,0,0,0,324.5,0,Home & Kitchen,Kitchen Appliances,Electric Kettle
Week 5,Nexlev,KM-01,Amazon,FBA79591,MAPPED,5.0003,6347.457627,6347.457627,976.5128763,4882.857335,HPC,Electric Massagers,Knee Massager
Week 5,Nexlev,LE-02,Amazon,FBA79440,MAPPED,5,8470.338983,8470.338983,767.6633016,3838.316508,HPC,Hair Care,Hair Therapy Comb
Week 5,Nexlev,LE-03,Amazon,FBA79443,MAPPED,0,0,0,935.8057702,0,HPC,Skin Care,LED Face & Skin Care Massager
Week 5,Nexlev,LE-04,1p Sales,FBA79469,MAPPED,1,1232.2,1232.2,564.45831,564.45831,HPC,Skin Care,Skin Lift Device
Week 5,Nexlev,LE-04,Amazon,FBA79469,MAPPED,2,2616.949153,2616.949153,564.45831,1128.91662,HPC,Skin Care,Skin Lift Device
Week 5,Nexlev,LR-01,Amazon,FBA79279,MAPPED,4,2943.220339,2943.220339,428.0729778,1712.291911,Home & Kitchen,Fabric Care,Lint Remover
Week 5,Nexlev,LR-01 Set of 2 blades,Amazon,FBA79606,MAPPED,0,0,0,108,0,Home & Kitchen,Set of 2 blades,Spares
Week 5,Nexlev,LR-02,Amazon,FBA79280,MAPPED,27,33232.20339,33232.20339,843.7,22779.9,Home & Kitchen,Fabric Care,Lint Remover
Week 5,Nexlev,LR-02 Set of 2 blades,Amazon,FBA79607,MAPPED,2,805.0847458,805.0847458,145,290,Home & Kitchen,Set of 2 blades,Spares
Week 5,Nexlev,LR-03,Amazon,FBA79819,MAPPED,89,23937.28814,23937.28814,155.1,13803.9,Home & Kitchen,Fabric Care,Lint Remover
Week 5,Nexlev,MC-01,Amazon,FBA79811,MAPPED,7,3553.389831,3553.389831,290.7,2034.9,Home & Kitchen,Kitchen Appliances,Electric Mini Chopper
Week 5,Nexlev,MF-01,Amazon,FBA79810,MAPPED,0,0,0,255.9,0,Home & Kitchen,Kitchen Appliances,Milk Frother
Week 5,Nexlev,MG-01,Amazon,FBA79596,MAPPED,0,0,0,903.133296,0,HPC,Electric Massagers,Massage Gun
Week 5,Nexlev,MGC-03,Amazon,FBA79687,MAPPED,1,1668.644068,1668.644068,920.1,920.1,HPC,Electric Massagers,Hot & Cold Massage Gun
Week 5,Nexlev,MGS-02,Amazon,FBA79686,MAPPED,0,0,0,407.5,0,HPC,Electric Massagers,Massage Gun - Mini
Week 5,Nexlev,MM-01,Amazon,FBA79688,MAPPED,0,0,0,5847.8,0,HPC,Electric Massagers,Foldable Massage Mat
Week 5,Nexlev,MR-01,Amazon,FBA79263,MAPPED,47.0051,103407.6271,103407.6271,1072.470789,50411.59668,Home & Kitchen,Cleaning & Vacumming,Mite Remover
Week 5,Nexlev,MR-02,Amazon,FBA79439,MAPPED,16,46376.27119,46376.27119,1179.717868,18875.48589,Home & Kitchen,Cleaning & Vacumming,Mite Remover
Week 5,Nexlev,NP-01,Amazon,FBA78994,MAPPED,0,0,0,491.9055392,0,Home & Kitchen,Travel Accessories,Travel Pillow
Week 5,Nexlev,NP-02,Amazon,FBA78995,MAPPED,0,0,0,491.9055392,0,Home & Kitchen,Travel Accessories,Travel Pillow
Week 5,Nexlev,NP-03,Amazon,FBA78996,MAPPED,0,0,0,491.3022092,0,Home & Kitchen,Travel Accessories,Travel Pillow
Week 5,Nexlev,NP-06,Amazon,FBA79677,MAPPED,0,0,0,452.1,0,Home & Kitchen,Travel Accessories,Donut Travel Pillow
Week 5,Nexlev,NP-07,Amazon,FBA79678,MAPPED,0,0,0,452.1,0,Home & Kitchen,Travel Accessories,Donut Travel Pillow
Week 5,Nexlev,PB-01,Amazon,FBA79812,MAPPED,7,11181.35593,11181.35593,1247,8729,Home & Kitchen,Kitchen Appliances,Portable Blender
Week 5,Nexlev,PM-02,Amazon,FBA79690,MAPPED,0,0,0,891.8,0,HPC,Electric Massagers,Handheld Percussion Massager
Week 5,Nexlev,SC-01,Amazon,FBA78981,MAPPED,38,104208.4746,104208.4746,1698.341954,64536.99426,Home & Kitchen,Cleaning & Vacumming,Steam cleaner
Week 5,Nexlev,SC-02,Amazon,FBA79262,MAPPED,0,0,0,1284.218933,0,Home & Kitchen,Cleaning & Vacumming,Steam cleaner
Week 5,Nexlev,SC-03,Amazon,FBA79277,MAPPED,3,18302.54237,18302.54237,3722.37372,11167.12116,Home & Kitchen,Cleaning & Vacumming,Steam cleaner
Week 5,Nexlev,SC-04,Amazon,FBA79567,MAPPED,29,132283.0508,132283.0508,2481.58248,71965.89192,Home & Kitchen,Cleaning & Vacumming,Steam cleaner
Week 5,Nexlev,SC-05,Amazon,FBA79652,MAPPED,51,120382.2034,120382.2034,1340.1,68345.1,Home & Kitchen,Cleaning & Vacumming,Steam cleaner
Week 5,Nexlev,SC-05 SC-05 - Set of Spares,Amazon,FBA79912,MAPPED,0,0,0,350,0,Home & Kitchen,SC-05 - Set of Spares,Spares
Week 5,Nexlev,SM-01,Amazon,FBA79276,MAPPED,6,20333.89831,20333.89831,2481.58248,14889.49488,Home & Kitchen,Cleaning & Vacumming,Steam Mop
Week 5,Nexlev,SPM-01,Amazon,FBA79468,MAPPED,0,0,0,2427.170733,0,Home & Kitchen,Cleaning & Vacumming,Electric Spin Mop Swipe
Week 5,Nexlev,SPM-01 Set of 2 Mops,Amazon,FBA79717,MAPPED,0,0,0,250,0,Home & Kitchen,Set of 2 Mops,Spares
Week 5,Nexlev,SPM-01(New),Amazon,FBA79699,MAPPED,0.0014,66.94915254,66.94915254,2427.170733,3.398039026,Home & Kitchen,Cleaning & Vacumming,Electric Spin Mop Swipe
Week 5,Nexlev,SS-01(New),Amazon,FBA79698,MAPPED,1,2117.79661,2117.79661,1439.317838,1439.317838,Home & Kitchen,Cleaning & Vacumming,Electric Spin Scrubber
Week 5,Nexlev,SS-02,Amazon,FBA79589,MAPPED,4,7222.033898,7222.033898,1117.627454,4470.509815,Home & Kitchen,Cleaning & Vacumming,Electric Spin Scrubber
Week 5,Nexlev,SS-02 Set of Spares,Amazon,FBA79657,MAPPED,0,0,0,350,0,Home & Kitchen,Set of Spares,Spares
Week 5,Nexlev,ST-01,Amazon,FBA79679,MAPPED,15,73716.10169,73716.10169,3164,47460,Home & Kitchen,Kitchen Appliances,Stand Mixer
Week 5,Nexlev,SW-01,Amazon,FBA79349,MAPPED,48,43140.67797,43140.67797,364.3147872,17487.10979,Home & Kitchen,Fabric Care,Mini Sewing Machine
Week 5,Nexlev,T-01,1p Sales,FBА79266,MAPPED,5,4158.48,4158.48,491.353331,2456.766655,HPC,Trimmers & Body Groomers,Women Trimmer
Week 5,Nexlev,T-01,Amazon,FBА79266,MAPPED,0,0,0,491.353331,0,HPC,Trimmers & Body Groomers,Women Trimmer
Week 5,Nexlev,T-02,1p Sales,FBA79267,MAPPED,2,1978.82,1978.82,576.9679266,1153.935853,HPC,Trimmers & Body Groomers,Women Trimmer
Week 5,Nexlev,T-02,Amazon,FBA79267,MAPPED,0,0,0,576.9679266,0,HPC,Trimmers & Body Groomers,Women Trimmer
Week 5,Nexlev,TI-01,Amazon,FBA79466,MAPPED,0,0,0,1178.014323,0,Home & Kitchen,Car Accessories,Tyre Inflators - Corded
Week 5,Nexlev,TI-02,Amazon,FBA79473,MAPPED,0,0,0,814.7014941,0,Home & Kitchen,Car Accessories,Tyre Inflators - Corded
Week 5,Nexlev,TIC-04,Amazon,FBA79475,MAPPED,0,0,0,1321.137558,0,Home & Kitchen,Car Accessories,Tyre Inflators - Cordless
Week 5,Nexlev,TM-01,Amazon,FBA79467,MAPPED,0,0,0,459.0927588,0,HPC,Trimmers & Body Groomers,Men's Beard Trimmer
Week 5,Nexlev,TM-02,Amazon,FBA79481,MAPPED,3,5107.627119,5107.627119,1240.79124,3722.37372,HPC,Trimmers & Body Groomers,Intimate Trimmer
Week 5,Nexlev,TM-03,Amazon,FBA79483,MAPPED,1,888.9830508,888.9830508,564.5600142,564.5600142,HPC,Trimmers & Body Groomers,Men's Body Trimmer
Week 5,Nexlev,TM-04,Amazon,FBA79485,MAPPED,0,0,0,436.7585165,0,HPC,Trimmers & Body Groomers,Body & Nose Trimmer
Week 5,Nexlev,TM-05,Amazon,FBA79693,MAPPED,0,0,0,1116.7,0,HPC,Trimmers & Body Groomers,Vacuum Trimmer
Week 5,Nexlev,V-01,1p Sales,FBA79271,MAPPED,0,0,0,682.435182,0,HPC,Hair Care,Volumizer
Week 5,Nexlev,V-01,Amazon,FBA79271,MAPPED,3,3556.779661,3556.779661,682.435182,2047.305546,HPC,Hair Care,Volumizer
Week 5,Nexlev,V-01 RG,Amazon,FBK79271,MAPPED,12.0007,12755.9322,12755.9322,682.435182,8189.699889,HPC,Hair Care,Volumizer
Week 5,Nexlev,V-02,Amazon,FBA79492,MAPPED,1,2065.254237,2065.254237,1032.338312,1032.338312,HPC,Hair Care,Volumizer
Week 5,Nexlev,V-03,1p Sales,FBA79493,MAPPED,0,0,0,802.7919323,0,HPC,Hair Care,Volumizer
Week 5,Nexlev,V-03,Amazon,FBA79493,MAPPED,74,126412.7119,126412.7119,802.7919323,59406.60299,HPC,Hair Care,Volumizer
Week 5,Nexlev,VC-01,Amazon,FBA79452,MAPPED,38.0032,53622.0339,53622.0339,982.1574594,37325.12636,Home & Kitchen,Cleaning & Vacumming,Vacuum Cleaner
Week 5,Nexlev,VC-02,Amazon,FBA79463,MAPPED,0,0,0,1335.091374,0,Home & Kitchen,Cleaning & Vacumming,Vacuum Cleaner
Week 5,Nexlev,VC-03,Amazon,FBA79480,MAPPED,1,1694.067797,1694.067797,835.0525045,835.0525045,Home & Kitchen,Cleaning & Vacumming,Vacuum Cleaner
Week 5,Nexlev,VC-04,Amazon,FBA79565,MAPPED,2,4235.59322,4235.59322,1160.139809,2320.279619,Home & Kitchen,Cleaning & Vacumming,Vacuum Cleaner
Week 5,Nexlev,VC-05,Amazon,FBA79566,MAPPED,2,3896.610169,3896.610169,1095.618665,2191.23733,Home & Kitchen,Cleaning & Vacumming,Vacuum Cleaner
Week 5,Nexlev,VC-06,Amazon,FBA79599,MAPPED,0,0,0,835.4,0,Home & Kitchen,Cleaning & Vacumming,Vacuum Cleaner
Week 6,Nexlev,AP-01,Amazon,FBA79683,MAPPED,3,35567.79661,35567.79661,8723.1,26169.3,Home & Kitchen,Air Purifier,Air Purifier
Week 6,Nexlev,AP-01 HEPA,Amazon,FBA79777,MAPPED,0,0,0,2350,0,Home & Kitchen,HEPA,Spares
Week 6,Nexlev,AP-03,Amazon,FBA79692,MAPPED,4,13522.04237,13522.04237,1346.8,5387.2,Home & Kitchen,Air Purifier,NexLev Air Purifier Mini
Week 6,Nexlev,AP-03 HEPA,Amazon,FBA79778,MAPPED,1,931.3559322,931.3559322,500,500,Home & Kitchen,HEPA,Spares
Week 6,Nexlev,BM-02,Amazon,FBA79598,MAPPED,0,0,0,882.8127968,0,HPC,Electric Massagers,Back & Shoulder Massager
Week 6,Nexlev,BR-01,Amazon,FBA79570,MAPPED,35,42107.62712,42107.62712,508.012479,17780.43677,HPC,Skin Care,Blackhead Remover
Week 6,Nexlev,CF-01,Amazon,FBA79484,MAPPED,0,0,0,645.2114448,0,Home & Kitchen,Kitchen Appliances,Drip Coffee Maker
Week 6,Nexlev,CFM-01,Amazon,FBA79590,MAPPED,8,19020.33898,19020.33898,1088.275622,8706.204973,HPC,Electric Massagers,Calf Massager
Week 6,Nexlev,CFM-02,Amazon,FBA79689,MAPPED,1,5083.898305,5083.898305,3048.1,3048.1,HPC,Electric Massagers,Complete Leg Massager
Week 6,Nexlev,CFM-03,Amazon,FBA79849,MAPPED,2,8472.881356,8472.881356,1974,3948,HPC,Electric Massagers,Calf Massager
Week 6,Nexlev,CM-01-BL,Amazon,FBA79464,MAPPED,3,2223.728814,2223.728814,525.0418992,1575.125698,HPC,Electric Massagers,Electric Heating Pads
Week 6,Nexlev,CM-02-PR,Amazon,FBA79472,MAPPED,2,2371.186441,2371.186441,525.0418992,1050.083798,HPC,Electric Massagers,Electric Heating Pads
Week 6,Nexlev,CR-01,Amazon,FBA79265,MAPPED,21,9584.745763,9584.745763,505.7546458,10620.84756,HPC,Skin Care,Callus Remover
Week 6,Nexlev,EA-01,Amazon,FBA79350,MAPPED,23,21495.76271,21495.76271,677.349972,15579.04936,HPC,Hair Care,Hair Oil Applicator
Week 6,Nexlev,EA-02,Amazon,FBA79573,MAPPED,3,7038.135593,7038.135593,1281.320364,3843.961091,HPC,Hair Care,Hair Oil Applicator
Week 6,Nexlev,ET-01-BK_N,Amazon,FBA79373,MAPPED,27,6882.20339,6882.20339,183.6371035,4958.201795,HPC,Oral Care,Electric Toothbrush
Week 6,Nexlev,ET-02-GN_N,Amazon,FBA79374,MAPPED,25,6334.745763,6334.745763,183.6371035,4590.927588,HPC,Oral Care,Electric Toothbrush
Week 6,Nexlev,ET-03-BL_N,Amazon,FBA79375,MAPPED,2,506.779661,506.779661,183.6371035,367.274207,HPC,Oral Care,Electric Toothbrush - Sonic
Week 6,Nexlev,ETC-04-WH,Amazon,FBA79346,MAPPED,1,690.6779661,690.6779661,390.8492406,390.8492406,HPC,Oral Care,Electric Toothbrush
Week 6,Nexlev,ETC-05-PI,Amazon,FBA79347,MAPPED,0,0,0,390.8492406,0,HPC,Oral Care,Electric Toothbrush
Week 6,Nexlev,ETC-07-WH,Amazon,FBA79673,MAPPED,2,1269.491525,1269.491525,352.4,704.8,HPC,Oral Care,Electric Toothbrush
Week 6,Nexlev,ETC-08-BL,Amazon,FBA79707,MAPPED,1,634.7457627,634.7457627,367,367,HPC,Oral Care,Electric Toothbrush
Week 6,Nexlev,ETR-06,Amazon,FBA79381,MAPPED,1,1058.474576,1058.474576,640.2482798,640.2482798,HPC,Oral Care,Electric Toothbrush - Oscillating
Week 6,Nexlev,FS-01,Amazon,FBA79404,MAPPED,7,10659.32203,10659.32203,831.3301308,5819.310916,HPC,Skin Care,Face Steamer
Week 6,Nexlev,GS-02,Amazon,FBA78980,MAPPED,73,124933.0508,124933.0508,1181.383129,86240.96839,Home & Kitchen,Fabric Care,Garment steamer
Week 6,Nexlev,GS-04,Amazon,FBA79229,MAPPED,2,3801.694915,3801.694915,1430.757839,2861.515677,Home & Kitchen,Fabric Care,Garment steamer
Week 6,Nexlev,GS-05,Amazon,FBA79268,MAPPED,46,68945.76271,68945.76271,868.553868,39953.47793,Home & Kitchen,Fabric Care,Garment steamer
Week 6,Nexlev,HB-01,Amazon,FBA79676,MAPPED,0,0,0,1089.4,0,HPC,Electric Massagers,Heated Wrap Belt
Week 6,Nexlev,HD-01,Amazon,FBA79278,MAPPED,0,0,0,725.8628754,0,HPC,Hair Care,Hair Dryer
Week 6,Nexlev,HM-01,1p Sales,FBA79332,MAPPED,1,894.29,894.29,530.3994696,530.3994696,HPC,Hair Care,Head Massager
Week 6,Nexlev,HM-01,Amazon,FBA79332,MAPPED,0,0,0,530.3994696,0,HPC,Hair Care,Head Massager
Week 6,Nexlev,HM-02,Amazon,FBA79333,MAPPED,5,5927.966102,5927.966102,642.908448,3214.54224,HPC,Hair Care,Head Massager
Week 6,Nexlev,HS-01,1p Sales,FBA79272,MAPPED,0,0,0,356.1070859,0,HPC,Hair Care,Hair Straightener
Week 6,Nexlev,HS-01,Amazon,FBA79272,MAPPED,2,1354.237288,1354.237288,356.1070859,712.2141718,HPC,Hair Care,Hair Straightener
Week 6,Nexlev,HS-02,Amazon,FBA79273,MAPPED,1,719.4915254,719.4915254,367.274207,367.274207,HPC,Hair Care,Hair Straightener
Week 6,Nexlev,HSB-03,Amazon,FBA79405,MAPPED,19,28967.79661,28967.79661,823.8853834,15653.82228,HPC,Hair Care,Hair Straightener Brush - Corded
Week 6,Nexlev,HSB-04,Amazon,FBA79406,MAPPED,24,47897.45763,47897.45763,1013.726443,24329.43463,HPC,Hair Care,Hair Straightener Brush - Cordless
Week 6,Nexlev,HU-01,Amazon,FBA79681,MAPPED,1,1736.440678,1736.440678,709.7,709.7,Home & Kitchen,Air Purifier,Humidifier Black
Week 6,Nexlev,HU-02,Amazon,FBA79682,MAPPED,0,0,0,709.7,0,Home & Kitchen,Air Purifier,Humidifier White
Week 6,Nexlev,KE-01,Amazon,FBA79488,MAPPED,7,10375.42373,10375.42373,899.573649,6297.015543,Home & Kitchen,Kitchen Appliances,Electric Multi Kettles
Week 6,Nexlev,KE-02,Amazon,FBA79489,MAPPED,20,24445.76271,24445.76271,899.573649,17991.47298,Home & Kitchen,Kitchen Appliances,Electric Multi Kettles
Week 6,Nexlev,KE-03,Amazon,FBA79809,MAPPED,1,550,550,324.5,324.5,Home & Kitchen,Kitchen Appliances,Electric Kettle
Week 6,Nexlev,KM-01,Amazon,FBA79591,MAPPED,3,2701.694915,2701.694915,976.5128763,2929.538629,HPC,Electric Massagers,Knee Massager
Week 6,Nexlev,LE-02,Amazon,FBA79440,MAPPED,11,18634.74576,18634.74576,767.6633016,8444.296318,HPC,Hair Care,Hair Therapy Comb
Week 6,Nexlev,LE-03,Amazon,FBA79443,MAPPED,1,1439.830508,1439.830508,935.8057702,935.8057702,HPC,Skin Care,LED Face & Skin Care Massager
Week 6,Nexlev,LE-04,1p Sales,FBA79469,MAPPED,4,4979.68,4979.68,564.45831,2257.83324,HPC,Skin Care,Skin Lift Device
Week 6,Nexlev,LE-04,Amazon,FBA79469,MAPPED,0,0,0,564.45831,0,HPC,Skin Care,Skin Lift Device
Week 6,Nexlev,LR-01,Amazon,FBA79279,MAPPED,6,4571.186441,4571.186441,428.0729778,2568.437867,Home & Kitchen,Fabric Care,Lint Remover
Week 6,Nexlev,LR-01 Set of 2 blades,Amazon,FBA79606,MAPPED,2,635.5932203,635.5932203,108,216,Home & Kitchen,Set of 2 blades,Spares
Week 6,Nexlev,LR-02,Amazon,FBA79280,MAPPED,38,45833.89831,45833.89831,843.7,32060.6,Home & Kitchen,Fabric Care,Lint Remover
Week 6,Nexlev,LR-02 Set of 2 blades,Amazon,FBA79607,MAPPED,1,0,0,145,145,Home & Kitchen,Set of 2 blades,Spares
Week 6,Nexlev,LR-03,Amazon,FBA79819,MAPPED,44,12155.08475,12155.08475,155.1,6824.4,Home & Kitchen,Fabric Care,Lint Remover
Week 6,Nexlev,MC-01,Amazon,FBA79811,MAPPED,16,7624.576271,7624.576271,290.7,4651.2,Home & Kitchen,Kitchen Appliances,Electric Mini Chopper
Week 6,Nexlev,MF-01,Amazon,FBA79810,MAPPED,4,1861.016949,1861.016949,255.9,1023.6,Home & Kitchen,Kitchen Appliances,Milk Frother
Week 6,Nexlev,MG-01,Amazon,FBA79596,MAPPED,0,0,0,903.133296,0,HPC,Electric Massagers,Massage Gun
Week 6,Nexlev,MGC-03,Amazon,FBA79687,MAPPED,0,0,0,920.1,0,HPC,Electric Massagers,Hot & Cold Massage Gun
Week 6,Nexlev,MGS-02,Amazon,FBA79686,MAPPED,0,0,0,407.5,0,HPC,Electric Massagers,Massage Gun - Mini
Week 6,Nexlev,MM-01,Amazon,FBA79688,MAPPED,1,8473.728814,8473.728814,5847.8,5847.8,HPC,Electric Massagers,Foldable Massage Mat
Week 6,Nexlev,MR-01,Amazon,FBA79263,MAPPED,44,100727.9661,100727.9661,1072.470789,47188.71472,Home & Kitchen,Cleaning & Vacumming,Mite Remover
Week 6,Nexlev,MR-01 HEPA Filter,Amazon,FBA79436,MAPPED,0,0,0,35,0,Home & Kitchen,HEPA Filter,Spares
Week 6,Nexlev,MR-02,Amazon,FBA79439,MAPPED,17,49199.15254,49199.15254,1179.717868,20055.20375,Home & Kitchen,Cleaning & Vacumming,Mite Remover
Week 6,Nexlev,NP-01,Amazon,FBA78994,MAPPED,1,592.3728814,592.3728814,491.9055392,491.9055392,Home & Kitchen,Travel Accessories,Travel Pillow
Week 6,Nexlev,NP-05,Amazon,FBA78998,MAPPED,0,0,0,491.3022092,0,Home & Kitchen,Travel Accessories,Travel Pillow
Week 6,Nexlev,NP-06,Amazon,FBA79677,MAPPED,0,0,0,452.1,0,Home & Kitchen,Travel Accessories,Donut Travel Pillow
Week 6,Nexlev,NP-07,Amazon,FBA79678,MAPPED,0,0,0,452.1,0,Home & Kitchen,Travel Accessories,Donut Travel Pillow
Week 6,Nexlev,PB-01,Amazon,FBA79812,MAPPED,13,24226.27119,24226.27119,1247,16211,Home & Kitchen,Kitchen Appliances,Portable Blender
Week 6,Nexlev,PM-02,Amazon,FBA79690,MAPPED,0,0,0,891.8,0,HPC,Electric Massagers,Handheld Percussion Massager
Week 6,Nexlev,SC-01,Amazon,FBA78981,MAPPED,73,211764.9915,211764.9915,1698.341954,123978.9627,Home & Kitchen,Cleaning & Vacumming,Steam cleaner
Week 6,Nexlev,SC-02,Amazon,FBA79262,MAPPED,3,6226.271186,6226.271186,1284.218933,3852.6568,Home & Kitchen,Cleaning & Vacumming,Steam cleaner
Week 6,Nexlev,SC-03,Amazon,FBA79277,MAPPED,4,24403.38983,24403.38983,3722.37372,14889.49488,Home & Kitchen,Cleaning & Vacumming,Steam cleaner
Week 6,Nexlev,SC-04,Amazon,FBA79567,MAPPED,29,142552.5424,142552.5424,2481.58248,71965.89192,Home & Kitchen,Cleaning & Vacumming,Steam cleaner
Week 6,Nexlev,SC-05,Amazon,FBA79652,MAPPED,40,93701.69492,93701.69492,1340.1,53604,Home & Kitchen,Cleaning & Vacumming,Steam cleaner
Week 6,Nexlev,SC-05 SC-05 - Set of Spares,Amazon,FBA79912,MAPPED,0,0,0,350,0,Home & Kitchen,SC-05 - Set of Spares,Spares
Week 6,Nexlev,SM-01,Amazon,FBA79276,MAPPED,13,44056.77966,44056.77966,2481.58248,32260.57224,Home & Kitchen,Cleaning & Vacumming,Steam Mop
Week 6,Nexlev,SPM-01,Amazon,FBA79468,MAPPED,0,0,0,2427.170733,0,Home & Kitchen,Cleaning & Vacumming,Electric Spin Mop Swipe
Week 6,Nexlev,SPM-01 Set of 2 Mops,Amazon,FBA79717,MAPPED,1,253.3898305,253.3898305,250,250,Home & Kitchen,Set of 2 Mops,Spares
Week 6,Nexlev,SPM-01(New),Amazon,FBA79699,MAPPED,0,0,0,2427.170733,0,Home & Kitchen,Cleaning & Vacumming,Electric Spin Mop Swipe
Week 6,Nexlev,SS-01(New),Amazon,FBA79698,MAPPED,3,6395.762712,6395.762712,1439.317838,4317.953515,Home & Kitchen,Cleaning & Vacumming,Electric Spin Scrubber
Week 6,Nexlev,SS-02,Amazon,FBA79589,MAPPED,0,0,0,1117.627454,0,Home & Kitchen,Cleaning & Vacumming,Electric Spin Scrubber
Week 6,Nexlev,SS-02 Set of Spares,Amazon,FBA79657,MAPPED,0,0,0,350,0,Home & Kitchen,Set of Spares,Spares
Week 6,Nexlev,ST-01,Amazon,FBA79679,MAPPED,18,83594.07627,83594.07627,3164,56952,Home & Kitchen,Kitchen Appliances,Stand Mixer
Week 6,Nexlev,SW-01,Amazon,FBA79349,MAPPED,29,26301.69492,26301.69492,364.3147872,10565.12883,Home & Kitchen,Fabric Care,Mini Sewing Machine
Week 6,Nexlev,T-01,1p Sales,FBА79266,MAPPED,1,846.61,846.61,491.353331,491.353331,HPC,Trimmers & Body Groomers,Women Trimmer
Week 6,Nexlev,T-01,Amazon,FBА79266,MAPPED,0,0,0,491.353331,0,HPC,Trimmers & Body Groomers,Women Trimmer
Week 6,Nexlev,T-02,1p Sales,FBA79267,MAPPED,2,1862.72,1862.72,576.9679266,1153.935853,HPC,Trimmers & Body Groomers,Women Trimmer
Week 6,Nexlev,T-02,Amazon,FBA79267,MAPPED,0,0,0,576.9679266,0,HPC,Trimmers & Body Groomers,Women Trimmer
Week 6,Nexlev,TI-01,Amazon,FBA79466,MAPPED,0,0,0,1178.014323,0,Home & Kitchen,Car Accessories,Tyre Inflators - Corded
Week 6,Nexlev,TI-02,Amazon,FBA79473,MAPPED,0,0,0,814.7014941,0,Home & Kitchen,Car Accessories,Tyre Inflators - Corded
Week 6,Nexlev,TIC-04,Amazon,FBA79475,MAPPED,0,0,0,1321.137558,0,Home & Kitchen,Car Accessories,Tyre Inflators - Cordless
Week 6,Nexlev,TM-01,Amazon,FBA79467,MAPPED,0,0,0,459.0927588,0,HPC,Trimmers & Body Groomers,Men's Beard Trimmer
Week 6,Nexlev,TM-02,1p Sales,FBA79481,MAPPED,0,0,0,1240.79124,0,HPC,Trimmers & Body Groomers,Intimate Trimmer
Week 6,Nexlev,TM-02,Amazon,FBA79481,MAPPED,2,3405.084746,3405.084746,1240.79124,2481.58248,HPC,Trimmers & Body Groomers,Intimate Trimmer
Week 6,Nexlev,TM-03,Amazon,FBA79483,MAPPED,2,888.9830508,888.9830508,564.5600142,1129.120028,HPC,Trimmers & Body Groomers,Men's Body Trimmer
Week 6,Nexlev,TM-04,Amazon,FBA79485,MAPPED,0,0,0,436.7585165,0,HPC,Trimmers & Body Groomers,Body & Nose Trimmer
Week 6,Nexlev,TM-05,Amazon,FBA79693,MAPPED,1,2117.79661,2117.79661,1116.7,1116.7,HPC,Trimmers & Body Groomers,Vacuum Trimmer
Week 6,Nexlev,V-01,Amazon,FBA79271,MAPPED,6,7113.559322,7113.559322,682.435182,4094.611092,HPC,Hair Care,Volumizer
Week 6,Nexlev,V-01 RG,Amazon,FBK79271,MAPPED,16,20325.42373,20325.42373,682.435182,10918.96291,HPC,Hair Care,Volumizer
Week 6,Nexlev,V-02,Amazon,FBA79492,MAPPED,1,1948.305085,1948.305085,1032.338312,1032.338312,HPC,Hair Care,Volumizer
Week 6,Nexlev,V-03,1p Sales,FBA79493,MAPPED,0,0,0,802.7919323,0,HPC,Hair Care,Volumizer
Week 6,Nexlev,V-03,Amazon,FBA79493,MAPPED,41,69373.72881,69373.72881,802.7919323,32914.46922,HPC,Hair Care,Volumizer
Week 6,Nexlev,VC-01,Amazon,FBA79452,MAPPED,29,49552.54237,49552.54237,982.1574594,28482.56632,Home & Kitchen,Cleaning & Vacumming,Vacuum Cleaner
Week 6,Nexlev,VC-03,Amazon,FBA79480,MAPPED,0,0,0,835.0525045,0,Home & Kitchen,Cleaning & Vacumming,Vacuum Cleaner
Week 6,Nexlev,VC-04,Amazon,FBA79565,MAPPED,2,4235.59322,4235.59322,1160.139809,2320.279619,Home & Kitchen,Cleaning & Vacumming,Vacuum Cleaner
Week 6,Nexlev,VC-05,Amazon,FBA79566,MAPPED,4,7793.220339,7793.220339,1095.618665,4382.47466,Home & Kitchen,Cleaning & Vacumming,Vacuum Cleaner
Week 7,Nexlev,AP-01,Amazon,FBA79683,MAPPED,3,35567.79661,35567.79661,8723.1,26169.3,Home & Kitchen,Air Purifier,Air Purifier
Week 7,Nexlev,AP-01 HEPA,Amazon,FBA79777,MAPPED,0,0,0,2350,0,Home & Kitchen,HEPA,Spares
Week 7,Nexlev,AP-03,Amazon,FBA79692,MAPPED,9,30500.84746,30500.84746,1346.8,12121.2,Home & Kitchen,Air Purifier,NexLev Air Purifier Mini
Week 7,Nexlev,AP-03 HEPA,Amazon,FBA79778,MAPPED,3,2794.067797,2794.067797,500,1500,Home & Kitchen,HEPA,Spares
Week 7,Nexlev,BM-02,Amazon,FBA79598,MAPPED,1,1685.59322,1685.59322,882.8127968,882.8127968,HPC,Electric Massagers,Back & Shoulder Massager
Week 7,Nexlev,BR-01,Amazon,FBA79570,MAPPED,29,38037.29661,38037.29661,508.012479,14732.36189,HPC,Skin Care,Blackhead Remover
Week 7,Nexlev,CF-01,Amazon,FBA79484,MAPPED,2,1270.338983,1270.338983,645.2114448,1290.42289,Home & Kitchen,Kitchen Appliances,Drip Coffee Maker
Week 7,Nexlev,CFM-01,Amazon,FBA79590,MAPPED,35,76000,76000,1088.275622,38089.64676,HPC,Electric Massagers,Calf Massager
Week 7,Nexlev,CFM-02,Amazon,FBA79689,MAPPED,0,0,0,3048.1,0,HPC,Electric Massagers,Complete Leg Massager
Week 7,Nexlev,CFM-03,Amazon,FBA79849,MAPPED,3,12709.32203,12709.32203,1974,5922,HPC,Electric Massagers,Calf Massager
Week 7,Nexlev,CM-01-BL,Amazon,FBA79464,MAPPED,7,8553.389831,8553.389831,525.0418992,3675.293294,HPC,Electric Massagers,Electric Heating Pads
Week 7,Nexlev,CM-02-PR,Amazon,FBA79472,MAPPED,4,4789.830508,4789.830508,525.0418992,2100.167597,HPC,Electric Massagers,Electric Heating Pads
Week 7,Nexlev,CR-01,Amazon,FBA79265,MAPPED,16,8991.525424,8991.525424,505.7546458,8092.074332,HPC,Skin Care,Callus Remover
Week 7,Nexlev,EA-01,Amazon,FBA79350,MAPPED,29,26133.89831,26133.89831,677.349972,19643.14919,HPC,Hair Care,Hair Oil Applicator
Week 7,Nexlev,EA-02,Amazon,FBA79573,MAPPED,2,4744.067797,4744.067797,1281.320364,2562.640727,HPC,Hair Care,Hair Oil Applicator
Week 7,Nexlev,ET-01-BK_N,Amazon,FBA79373,MAPPED,23,5574.576271,5574.576271,183.6371035,4223.653381,HPC,Oral Care,Electric Toothbrush
Week 7,Nexlev,ET-02-GN_N,Amazon,FBA79374,MAPPED,13,3294.067797,3294.067797,183.6371035,2387.282346,HPC,Oral Care,Electric Toothbrush
Week 7,Nexlev,ETC-04-WH,Amazon,FBA79346,MAPPED,0,0,0,390.8492406,0,HPC,Oral Care,Electric Toothbrush
Week 7,Nexlev,ETC-05-PI,Amazon,FBA79347,MAPPED,0,0,0,390.8492406,0,HPC,Oral Care,Electric Toothbrush
Week 7,Nexlev,ETC-07-WH,Amazon,FBA79673,MAPPED,4,2538.983051,2538.983051,352.4,1409.6,HPC,Oral Care,Electric Toothbrush
Week 7,Nexlev,ETC-08-BL,Amazon,FBA79707,MAPPED,4,2538.983051,2538.983051,367,1468,HPC,Oral Care,Electric Toothbrush
Week 7,Nexlev,ETR-06,Amazon,FBA79381,MAPPED,0,0,0,640.2482798,0,HPC,Oral Care,Electric Toothbrush - Oscillating
Week 7,Nexlev,FS-01,Amazon,FBA79404,MAPPED,2,3049.152542,3049.152542,831.3301308,1662.660262,HPC,Skin Care,Face Steamer
Week 7,Nexlev,GS-02,Amazon,FBA78980,MAPPED,39,68951.69492,68951.69492,1181.383129,46073.94202,Home & Kitchen,Fabric Care,Garment steamer
Week 7,Nexlev,GS-04,Amazon,FBA79229,MAPPED,0,0,0,1430.757839,0,Home & Kitchen,Fabric Care,Garment steamer
Week 7,Nexlev,GS-05,Amazon,FBA79268,MAPPED,28,39182.20339,39182.20339,868.553868,24319.5083,Home & Kitchen,Fabric Care,Garment steamer
Week 7,Nexlev,HB-01,Amazon,FBA79676,MAPPED,0,0,0,1089.4,0,HPC,Electric Massagers,Heated Wrap Belt
Week 7,Nexlev,HD-01,1p Sales,FBA79278,MAPPED,1,1050.18,1050.18,725.8628754,725.8628754,HPC,Hair Care,Hair Dryer
Week 7,Nexlev,HD-01,Amazon,FBA79278,MAPPED,0,0,0,725.8628754,0,HPC,Hair Care,Hair Dryer
Week 7,Nexlev,HM-01,1p Sales,FBA79332,MAPPED,0,0,0,530.3994696,0,HPC,Hair Care,Head Massager
Week 7,Nexlev,HM-01,Amazon,FBA79332,MAPPED,2,1693.220339,1693.220339,530.3994696,1060.798939,HPC,Hair Care,Head Massager
Week 7,Nexlev,HS-01,1p Sales,FBA79272,MAPPED,1,677.12,677.12,356.1070859,356.1070859,HPC,Hair Care,Hair Straightener
Week 7,Nexlev,HS-01,Amazon,FBA79272,MAPPED,0,0,0,356.1070859,0,HPC,Hair Care,Hair Straightener
Week 7,Nexlev,HS-02,Amazon,FBA79273,MAPPED,5,3611.864407,3611.864407,367.274207,1836.371035,HPC,Hair Care,Hair Straightener
Week 7,Nexlev,HSB-03,Amazon,FBA79405,MAPPED,4,6437.288136,6437.288136,823.8853834,3295.541533,HPC,Hair Care,Hair Straightener Brush - Corded
Week 7,Nexlev,HSB-04,Amazon,FBA79406,MAPPED,23,45638.5678,45638.5678,1013.726443,23315.70819,HPC,Hair Care,Hair Straightener Brush - Cordless
Week 7,Nexlev,HU-01,Amazon,FBA79681,MAPPED,3,3430.508475,3430.508475,709.7,2129.1,Home & Kitchen,Air Purifier,Humidifier Black
Week 7,Nexlev,HU-02,Amazon,FBA79682,MAPPED,8,5283.076271,5283.076271,709.7,5677.6,Home & Kitchen,Air Purifier,Humidifier White
Week 7,Nexlev,KE-01,Amazon,FBA79488,MAPPED,5,7411.016949,7411.016949,899.573649,4497.868245,Home & Kitchen,Kitchen Appliances,Electric Multi Kettles
Week 7,Nexlev,KE-02,Amazon,FBA79489,MAPPED,10,13876.27966,13876.27966,899.573649,8995.73649,Home & Kitchen,Kitchen Appliances,Electric Multi Kettles
Week 7,Nexlev,KE-03,Amazon,FBA79809,MAPPED,1,550,550,324.5,324.5,Home & Kitchen,Kitchen Appliances,Electric Kettle
Week 7,Nexlev,KM-01,Amazon,FBA79591,MAPPED,4,5034.745763,5034.745763,976.5128763,3906.051505,HPC,Electric Massagers,Knee Massager
Week 7,Nexlev,LE-02,Amazon,FBA79440,MAPPED,12,20362.71186,20362.71186,767.6633016,9211.959619,HPC,Hair Care,Hair Therapy Comb
Week 7,Nexlev,LE-03,Amazon,FBA79443,MAPPED,0,0,0,935.8057702,0,HPC,Skin Care,LED Face & Skin Care Massager
Week 7,Nexlev,LE-04,1p Sales,FBA79469,MAPPED,2,2489.84,2489.84,564.45831,1128.91662,HPC,Skin Care,Skin Lift Device
Week 7,Nexlev,LE-04,Amazon,FBA79469,MAPPED,7,8943.220339,8943.220339,564.45831,3951.20817,HPC,Skin Care,Skin Lift Device
Week 7,Nexlev,LR-01,Amazon,FBA79279,MAPPED,16,12189.83051,12189.83051,428.0729778,6849.167645,Home & Kitchen,Fabric Care,Lint Remover
Week 7,Nexlev,LR-01 Set of 2 blades,Amazon,FBA79606,MAPPED,1,317.7966102,317.7966102,108,108,Home & Kitchen,Set of 2 blades,Spares
Week 7,Nexlev,LR-02,Amazon,FBA79280,MAPPED,53,66070.36441,66070.36441,843.7,44716.1,Home & Kitchen,Fabric Care,Lint Remover
Week 7,Nexlev,LR-02 Set of 2 blades,Amazon,FBA79607,MAPPED,0,0,0,145,0,Home & Kitchen,Set of 2 blades,Spares
Week 7,Nexlev,LR-03,Amazon,FBA79819,MAPPED,50,13608.47458,13608.47458,155.1,7755,Home & Kitchen,Fabric Care,Lint Remover
Week 7,Nexlev,MC-01,Amazon,FBA79811,MAPPED,16,8122.033898,8122.033898,290.7,4651.2,Home & Kitchen,Kitchen Appliances,Electric Mini Chopper
Week 7,Nexlev,MF-01,Amazon,FBA79810,MAPPED,3,1395.762712,1395.762712,255.9,767.7,Home & Kitchen,Kitchen Appliances,Milk Frother
Week 7,Nexlev,MG-01,Amazon,FBA79596,MAPPED,0,0,0,903.133296,0,HPC,Electric Massagers,Massage Gun
Week 7,Nexlev,MGC-03,Amazon,FBA79687,MAPPED,0,0,0,920.1,0,HPC,Electric Massagers,Hot & Cold Massage Gun
Week 7,Nexlev,MGS-02,Amazon,FBA79686,MAPPED,0,0,0,407.5,0,HPC,Electric Massagers,Massage Gun - Mini
Week 7,Nexlev,MM-01,Amazon,FBA79688,MAPPED,1,8473.728814,8473.728814,5847.8,5847.8,HPC,Electric Massagers,Foldable Massage Mat
Week 7,Nexlev,MR-01,Amazon,FBA79263,MAPPED,48,115431.1864,115431.1864,1072.470789,51478.59787,Home & Kitchen,Cleaning & Vacumming,Mite Remover
Week 7,Nexlev,MR-01 HEPA Filter,Amazon,FBA79436,MAPPED,1,172.8813559,172.8813559,35,35,Home & Kitchen,HEPA Filter,Spares
Week 7,Nexlev,MR-02,Amazon,FBA79439,MAPPED,20,57667.79661,57667.79661,1179.717868,23594.35736,Home & Kitchen,Cleaning & Vacumming,Mite Remover
Week 7,Nexlev,MR-02 HEPA Filter,Amazon,FBA79721,MAPPED,2,296.6101695,296.6101695,45,90,Home & Kitchen,HEPA Filter,Spares
Week 7,Nexlev,NP-01,Amazon,FBA78994,MAPPED,1,592.3728814,592.3728814,491.9055392,491.9055392,Home & Kitchen,Travel Accessories,Travel Pillow
Week 7,Nexlev,NP-03,Amazon,FBA78996,MAPPED,0,0,0,491.3022092,0,Home & Kitchen,Travel Accessories,Travel Pillow
Week 7,Nexlev,NP-05,Amazon,FBA78998,MAPPED,0,0,0,491.3022092,0,Home & Kitchen,Travel Accessories,Travel Pillow
Week 7,Nexlev,NP-06,Amazon,FBA79677,MAPPED,0,0,0,452.1,0,Home & Kitchen,Travel Accessories,Donut Travel Pillow
Week 7,Nexlev,NP-07,Amazon,FBA79678,MAPPED,0,0,0,452.1,0,Home & Kitchen,Travel Accessories,Donut Travel Pillow
Week 7,Nexlev,PB-01,Amazon,FBA79812,MAPPED,17,31680.50847,31680.50847,1247,21199,Home & Kitchen,Kitchen Appliances,Portable Blender
Week 7,Nexlev,PM-02,Amazon,FBA79690,MAPPED,0,0,0,891.8,0,HPC,Electric Massagers,Handheld Percussion Massager
Week 7,Nexlev,SC-01,Amazon,FBA78981,MAPPED,82,238940.6949,238940.6949,1698.341954,139264.0403,Home & Kitchen,Cleaning & Vacumming,Steam cleaner
Week 7,Nexlev,SC-01 Set of Spares,Amazon,FBA79771,MAPPED,0,0,0,350,0,Home & Kitchen,Set of Spares,Spares
Week 7,Nexlev,SC-02,Amazon,FBA79262,MAPPED,7,14527.9661,14527.9661,1284.218933,8989.532534,Home & Kitchen,Cleaning & Vacumming,Steam cleaner
Week 7,Nexlev,SC-03,Amazon,FBA79277,MAPPED,12,60947.4661,60947.4661,3722.37372,44668.48464,Home & Kitchen,Cleaning & Vacumming,Steam cleaner
Week 7,Nexlev,SC-04,Amazon,FBA79567,MAPPED,21,101627.1271,101627.1271,2481.58248,52113.23208,Home & Kitchen,Cleaning & Vacumming,Steam cleaner
Week 7,Nexlev,SC-04 Set of 2 Mops,Amazon,FBA79714,MAPPED,0,0,0,82,0,Home & Kitchen,Set of 2 Mops,Spares
Week 7,Nexlev,SC-04 Spare Set,Amazon,FBA79843,MAPPED,1,233.0508475,233.0508475,40,40,Home & Kitchen,Spare Set,Spares
Week 7,Nexlev,SC-05,Amazon,FBA79652,MAPPED,37,88738.98305,88738.98305,1340.1,49583.7,Home & Kitchen,Cleaning & Vacumming,Steam cleaner
Week 7,Nexlev,SC-05 SC-05 - Set of Spares,Amazon,FBA79912,MAPPED,0,0,0,350,0,Home & Kitchen,SC-05 - Set of Spares,Spares
Week 7,Nexlev,SM-01,Amazon,FBA79276,MAPPED,10,30466.95763,30466.95763,2481.58248,24815.8248,Home & Kitchen,Cleaning & Vacumming,Steam Mop
Week 7,Nexlev,SM-01 Set of 2 Mops,Amazon,FBA79716,MAPPED,0,0,0,300,0,Home & Kitchen,Set of 2 Mops,Spares
Week 7,Nexlev,SPM-01 Set of 2 Mops,Amazon,FBA79717,MAPPED,0,0,0,250,0,Home & Kitchen,Set of 2 Mops,Spares
Week 7,Nexlev,SPM-01(New),Amazon,FBA79699,MAPPED,1,3727.966102,3727.966102,2427.170733,2427.170733,Home & Kitchen,Cleaning & Vacumming,Electric Spin Mop Swipe
Week 7,Nexlev,SS-01(New),Amazon,FBA79698,MAPPED,1,2117.79661,2117.79661,1439.317838,1439.317838,Home & Kitchen,Cleaning & Vacumming,Electric Spin Scrubber
Week 7,Nexlev,SS-02 Set of Spares,Amazon,FBA79657,MAPPED,0,0,0,350,0,Home & Kitchen,Set of Spares,Spares
Week 7,Nexlev,ST-01,Amazon,FBA79679,MAPPED,15,67649.15254,67649.15254,3164,47460,Home & Kitchen,Kitchen Appliances,Stand Mixer
Week 7,Nexlev,ST-01 ST-01 Set of Hooks,Amazon,FBA79915,MAPPED,0,0,0,550,0,Home & Kitchen,ST-01 Set of Hooks,Spares
Week 7,Nexlev,SW-01,Amazon,FBA79349,MAPPED,29,25202.54237,25202.54237,364.3147872,10565.12883,Home & Kitchen,Fabric Care,Mini Sewing Machine
Week 7,Nexlev,T-01,1p Sales,FBА79266,MAPPED,1,846.61,846.61,491.353331,491.353331,HPC,Trimmers & Body Groomers,Women Trimmer
Week 7,Nexlev,T-01,Amazon,FBА79266,MAPPED,0,0,0,491.353331,0,HPC,Trimmers & Body Groomers,Women Trimmer
Week 7,Nexlev,T-02,1p Sales,FBA79267,MAPPED,3,2794.08,2794.08,576.9679266,1730.90378,HPC,Trimmers & Body Groomers,Women Trimmer
Week 7,Nexlev,T-02,Amazon,FBA79267,MAPPED,1,1016.101695,1016.101695,576.9679266,576.9679266,HPC,Trimmers & Body Groomers,Women Trimmer
Week 7,Nexlev,TI-01,Amazon,FBA79466,MAPPED,0,0,0,1178.014323,0,Home & Kitchen,Car Accessories,Tyre Inflators - Corded
Week 7,Nexlev,TI-02,Amazon,FBA79473,MAPPED,1,1270.338983,1270.338983,814.7014941,814.7014941,Home & Kitchen,Car Accessories,Tyre Inflators - Corded
Week 7,Nexlev,TIC-04,Amazon,FBA79475,MAPPED,0,0,0,1321.137558,0,Home & Kitchen,Car Accessories,Tyre Inflators - Cordless
Week 7,Nexlev,TM-01,Amazon,FBA79467,MAPPED,0,0,0,459.0927588,0,HPC,Trimmers & Body Groomers,Men's Beard Trimmer
Week 7,Nexlev,TM-02,Amazon,FBA79481,MAPPED,0,0,0,1240.79124,0,HPC,Trimmers & Body Groomers,Intimate Trimmer
Week 7,Nexlev,TM-03,Amazon,FBA79483,MAPPED,1,888.9830508,888.9830508,564.5600142,564.5600142,HPC,Trimmers & Body Groomers,Men's Body Trimmer
Week 7,Nexlev,TM-04,Amazon,FBA79485,MAPPED,0,0,0,436.7585165,0,HPC,Trimmers & Body Groomers,Body & Nose Trimmer
Week 7,Nexlev,TM-05,Amazon,FBA79693,MAPPED,1,2117.79661,2117.79661,1116.7,1116.7,HPC,Trimmers & Body Groomers,Vacuum Trimmer
Week 7,Nexlev,V-01,Amazon,FBA79271,MAPPED,12,13041.52542,13041.52542,682.435182,8189.222184,HPC,Hair Care,Volumizer
Week 7,Nexlev,V-01 RG,Amazon,FBK79271,MAPPED,16,17835.59322,17835.59322,682.435182,10918.96291,HPC,Hair Care,Volumizer
Week 7,Nexlev,V-02,Amazon,FBA79492,MAPPED,0,0,0,1032.338312,0,HPC,Hair Care,Volumizer
Week 7,Nexlev,V-03,Amazon,FBA79493,MAPPED,24,42762.71186,42762.71186,802.7919323,19267.00637,HPC,Hair Care,Volumizer
Week 7,Nexlev,VC-01,Amazon,FBA79452,MAPPED,22,35576.27119,35576.27119,982.1574594,21607.46411,Home & Kitchen,Cleaning & Vacumming,Vacuum Cleaner
Week 7,Nexlev,VC-03,Amazon,FBA79480,MAPPED,0,0,0,835.0525045,0,Home & Kitchen,Cleaning & Vacumming,Vacuum Cleaner
Week 7,Nexlev,VC-04,Amazon,FBA79565,MAPPED,1,0,0,1160.139809,1160.139809,Home & Kitchen,Cleaning & Vacumming,Vacuum Cleaner
Week 7,Nexlev,VC-05,Amazon,FBA79566,MAPPED,3,5318.652542,5318.652542,1095.618665,3286.855995,Home & Kitchen,Cleaning & Vacumming,Vacuum Cleaner
Week 8,Nexlev,AP-01,Amazon,FBA79683,MAPPED,0,0,0,8723.1,0,Home & Kitchen,Air Purifier,Air Purifier
Week 8,Nexlev,AP-01 HEPA,Amazon,FBA79777,MAPPED,0,0,0,2350,0,Home & Kitchen,HEPA,Spares
Week 8,Nexlev,AP-03,Amazon,FBA79692,MAPPED,3,10156.61017,10156.61017,1346.8,4040.4,Home & Kitchen,Air Purifier,NexLev Air Purifier Mini
Week 8,Nexlev,AP-03 HEPA,Amazon,FBA79778,MAPPED,2,1862.711864,1862.711864,500,1000,Home & Kitchen,HEPA,Spares
Week 8,Nexlev,BM-02,Amazon,FBA79598,MAPPED,1,1685.59322,1685.59322,882.8127968,882.8127968,HPC,Electric Massagers,Back & Shoulder Massager
Week 8,Nexlev,BR-01,Amazon,FBA79570,MAPPED,3,4050,4050,508.012479,1524.037437,HPC,Skin Care,Blackhead Remover
Week 8,Nexlev,CF-01,Amazon,FBA79484,MAPPED,3,3811.016949,3811.016949,645.2114448,1935.634334,Home & Kitchen,Kitchen Appliances,Drip Coffee Maker
Week 8,Nexlev,CFM-01,Amazon,FBA79590,MAPPED,22,50026.27966,50026.27966,1088.275622,23942.06368,HPC,Electric Massagers,Calf Massager
Week 8,Nexlev,CFM-02,Amazon,FBA79689,MAPPED,4,20335.59322,20335.59322,3048.1,12192.4,HPC,Electric Massagers,Complete Leg Massager
Week 8,Nexlev,CFM-03,Amazon,FBA79849,MAPPED,3,12709.32203,12709.32203,1974,5922,HPC,Electric Massagers,Calf Massager
Week 8,Nexlev,CM-01-BL,Amazon,FBA79464,MAPPED,6,6351.694915,6351.694915,525.0418992,3150.251395,HPC,Electric Massagers,Electric Heating Pads
Week 8,Nexlev,CM-02-PR,Amazon,FBA79472,MAPPED,6,6713.559322,6713.559322,525.0418992,3150.251395,HPC,Electric Massagers,Electric Heating Pads
Week 8,Nexlev,CR-01,Amazon,FBA79265,MAPPED,7,3554.237288,3554.237288,505.7546458,3540.28252,HPC,Skin Care,Callus Remover
Week 8,Nexlev,DF-01-BK,Amazon,FBA79174,MAPPED,0,0,0,1009.569284,0,HPC,Oral Care,Dental Flosser
Week 8,Nexlev,DH-01,Amazon,,MAPPED,2,6777.966102,6777.966102,0,0,0,0,0
Week 8,Nexlev,EA-01,Amazon,FBA79350,MAPPED,24,19595.76271,19595.76271,677.349972,16256.39933,HPC,Hair Care,Hair Oil Applicator
Week 8,Nexlev,EA-02,Amazon,FBA79573,MAPPED,2,4744.067797,4744.067797,1281.320364,2562.640727,HPC,Hair Care,Hair Oil Applicator
Week 8,Nexlev,ET-01-BK_N,Amazon,FBA79373,MAPPED,32,8108.474576,8108.474576,183.6371035,5876.387313,HPC,Oral Care,Electric Toothbrush
Week 8,Nexlev,ET-02-GN_N,Amazon,FBA79374,MAPPED,21,5321.186441,5321.186441,183.6371035,3856.379174,HPC,Oral Care,Electric Toothbrush
Week 8,Nexlev,ETC-04-WH,Amazon,FBA79346,MAPPED,4,2722.033898,2722.033898,390.8492406,1563.396962,HPC,Oral Care,Electric Toothbrush
Week 8,Nexlev,ETC-05-PI,Amazon,FBA79347,MAPPED,0,0,0,390.8492406,0,HPC,Oral Care,Electric Toothbrush
Week 8,Nexlev,ETC-07-WH,Amazon,FBA79673,MAPPED,18,11425.42373,11425.42373,352.4,6343.2,HPC,Oral Care,Electric Toothbrush
Week 8,Nexlev,ETC-08-BL,Amazon,FBA79707,MAPPED,7,4443.220339,4443.220339,367,2569,HPC,Oral Care,Electric Toothbrush
Week 8,Nexlev,ETR-06,Amazon,FBA79381,MAPPED,10,10584.74576,10584.74576,640.2482798,6402.482798,HPC,Oral Care,Electric Toothbrush - Oscillating
Week 8,Nexlev,FS-01,Amazon,FBA79404,MAPPED,2,3079.661017,3079.661017,831.3301308,1662.660262,HPC,Skin Care,Face Steamer
Week 8,Nexlev,GS-02,Amazon,FBA78980,MAPPED,33,55906.77966,55906.77966,1181.383129,38985.64324,Home & Kitchen,Fabric Care,Garment steamer
Week 8,Nexlev,GS-04,Amazon,FBA79229,MAPPED,0,0,0,1430.757839,0,Home & Kitchen,Fabric Care,Garment steamer
Week 8,Nexlev,GS-05,Amazon,FBA79268,MAPPED,30,46977.13559,46977.13559,868.553868,26056.61604,Home & Kitchen,Fabric Care,Garment steamer
Week 8,Nexlev,HB-01,Amazon,FBA79676,MAPPED,0,0,0,1089.4,0,HPC,Electric Massagers,Heated Wrap Belt
Week 8,Nexlev,HD-01,Amazon,FBA79278,MAPPED,1,1122.881356,1122.881356,725.8628754,725.8628754,HPC,Hair Care,Hair Dryer
Week 8,Nexlev,HM-01,Amazon,FBA79332,MAPPED,0,0,0,530.3994696,0,HPC,Hair Care,Head Massager
Week 8,Nexlev,HM-02,Amazon,FBA79333,MAPPED,0,0,0,642.908448,0,HPC,Hair Care,Head Massager
Week 8,Nexlev,HS-01,Amazon,FBA79272,MAPPED,1,677.1186441,677.1186441,356.1070859,356.1070859,HPC,Hair Care,Hair Straightener
Week 8,Nexlev,HS-02,Amazon,FBA79273,MAPPED,2,1438.983051,1438.983051,367.274207,734.5484141,HPC,Hair Care,Hair Straightener
Week 8,Nexlev,HSB-04,Amazon,FBA79406,MAPPED,17,35344.5,35344.5,1013.726443,17233.34953,HPC,Hair Care,Hair Straightener Brush - Cordless
Week 8,Nexlev,HU-01,Amazon,FBA79681,MAPPED,3,5082.20339,5082.20339,709.7,2129.1,Home & Kitchen,Air Purifier,Humidifier Black
Week 8,Nexlev,HU-02,Amazon,FBA79682,MAPPED,5,8894.067797,8894.067797,709.7,3548.5,Home & Kitchen,Air Purifier,Humidifier White
Week 8,Nexlev,KE-01,Amazon,FBA79488,MAPPED,9,13321.33051,13321.33051,899.573649,8096.162841,Home & Kitchen,Kitchen Appliances,Electric Multi Kettles
Week 8,Nexlev,KE-02,Amazon,FBA79489,MAPPED,5,6902.542373,6902.542373,899.573649,4497.868245,Home & Kitchen,Kitchen Appliances,Electric Multi Kettles
Week 8,Nexlev,KE-03,Amazon,FBA79809,MAPPED,1,465.2542373,465.2542373,324.5,324.5,Home & Kitchen,Kitchen Appliances,Electric Kettle
Week 8,Nexlev,KM-01,Amazon,FBA79591,MAPPED,3,4052.542373,4052.542373,976.5128763,2929.538629,HPC,Electric Massagers,Knee Massager
Week 8,Nexlev,LE-02,Amazon,FBA79440,MAPPED,7,11892.37288,11892.37288,767.6633016,5373.643111,HPC,Hair Care,Hair Therapy Comb
Week 8,Nexlev,LE-03,Amazon,FBA79443,MAPPED,1,1439.830508,1439.830508,935.8057702,935.8057702,HPC,Skin Care,LED Face & Skin Care Massager
Week 8,Nexlev,LE-04,Amazon,FBA79469,MAPPED,3,3836.440678,3836.440678,564.45831,1693.37493,HPC,Skin Care,Skin Lift Device
Week 8,Nexlev,LR-01,Amazon,FBA79279,MAPPED,12,9157.627119,9157.627119,428.0729778,5136.875734,Home & Kitchen,Fabric Care,Lint Remover
Week 8,Nexlev,LR-01 Set of 2 blades,Amazon,FBA79606,MAPPED,1,317.7966102,317.7966102,108,108,Home & Kitchen,Set of 2 blades,Spares
Week 8,Nexlev,LR-02,Amazon,FBA79280,MAPPED,43,53430.52542,53430.52542,843.7,36279.1,Home & Kitchen,Fabric Care,Lint Remover
Week 8,Nexlev,LR-02 Set of 2 blades,Amazon,FBA79607,MAPPED,0,0,0,145,0,Home & Kitchen,Set of 2 blades,Spares
Week 8,Nexlev,LR-03,Amazon,FBA79819,MAPPED,27,8216.101695,8216.101695,155.1,4187.7,Home & Kitchen,Fabric Care,Lint Remover
Week 8,Nexlev,MC-01,Amazon,FBA79811,MAPPED,19,9644.915254,9644.915254,290.7,5523.3,Home & Kitchen,Kitchen Appliances,Electric Mini Chopper
Week 8,Nexlev,MF-01,Amazon,FBA79810,MAPPED,2,930.5084746,930.5084746,255.9,511.8,Home & Kitchen,Kitchen Appliances,Milk Frother
Week 8,Nexlev,MG-01,Amazon,FBA79596,MAPPED,0,0,0,903.133296,0,HPC,Electric Massagers,Massage Gun
Week 8,Nexlev,MGC-03,Amazon,FBA79687,MAPPED,0,0,0,920.1,0,HPC,Electric Massagers,Hot & Cold Massage Gun
Week 8,Nexlev,MGS-02,Amazon,FBA79686,MAPPED,0,0,0,407.5,0,HPC,Electric Massagers,Massage Gun - Mini
Week 8,Nexlev,MM-01,Amazon,FBA79688,MAPPED,0,0,0,5847.8,0,HPC,Electric Massagers,Foldable Massage Mat
Week 8,Nexlev,MR-01,Amazon,FBA79263,MAPPED,65,144985.6102,144985.6102,1072.470789,69710.60129,Home & Kitchen,Cleaning & Vacumming,Mite Remover
Week 8,Nexlev,MR-01 HEPA Filter,Amazon,FBA79436,MAPPED,0,0,0,35,0,Home & Kitchen,HEPA Filter,Spares
Week 8,Nexlev,MR-02,Amazon,FBA79439,MAPPED,25,72012.71186,72012.71186,1179.717868,29492.9467,Home & Kitchen,Cleaning & Vacumming,Mite Remover
Week 8,Nexlev,MR-02 HEPA Filter,Amazon,FBA79721,MAPPED,8,1186.440678,1186.440678,45,360,Home & Kitchen,HEPA Filter,Spares
Week 8,Nexlev,NP-01,Amazon,FBA78994,MAPPED,0,0,0,491.9055392,0,Home & Kitchen,Travel Accessories,Travel Pillow
Week 8,Nexlev,NP-03,Amazon,FBA78996,MAPPED,0,0,0,491.3022092,0,Home & Kitchen,Travel Accessories,Travel Pillow
Week 8,Nexlev,NP-05,Amazon,FBA78998,MAPPED,0,0,0,491.3022092,0,Home & Kitchen,Travel Accessories,Travel Pillow
Week 8,Nexlev,NP-06,Amazon,FBA79677,MAPPED,0,0,0,452.1,0,Home & Kitchen,Travel Accessories,Donut Travel Pillow
Week 8,Nexlev,NP-07,Amazon,FBA79678,MAPPED,0,0,0,452.1,0,Home & Kitchen,Travel Accessories,Donut Travel Pillow
Week 8,Nexlev,PB-01,Amazon,FBA79812,MAPPED,15,26089.83051,26089.83051,1247,18705,Home & Kitchen,Kitchen Appliances,Portable Blender
Week 8,Nexlev,PM-02,Amazon,FBA79690,MAPPED,0,0,0,891.8,0,HPC,Electric Massagers,Handheld Percussion Massager
Week 8,Nexlev,SC-01,Amazon,FBA78981,MAPPED,65,192801.6949,192801.6949,1698.341954,110392.227,Home & Kitchen,Cleaning & Vacumming,Steam cleaner
Week 8,Nexlev,SC-01 Set of Spares,Amazon,FBA79771,MAPPED,1,338.1355932,338.1355932,350,350,Home & Kitchen,Set of Spares,Spares
Week 8,Nexlev,SC-02,Amazon,FBA79262,MAPPED,10,14527.9661,14527.9661,1284.218933,12842.18933,Home & Kitchen,Cleaning & Vacumming,Steam cleaner
Week 8,Nexlev,SC-03,Amazon,FBA79277,MAPPED,2,12032.20339,12032.20339,3722.37372,7444.74744,Home & Kitchen,Cleaning & Vacumming,Steam cleaner
Week 8,Nexlev,SC-04,Amazon,FBA79567,MAPPED,27,127504.2373,127504.2373,2481.58248,67002.72696,Home & Kitchen,Cleaning & Vacumming,Steam cleaner
Week 8,Nexlev,SC-04 Set of 2 Mops,Amazon,FBA79714,MAPPED,5,2012.711864,2012.711864,82,410,Home & Kitchen,Set of 2 Mops,Spares
Week 8,Nexlev,SC-04 Spare Set,Amazon,FBA79843,MAPPED,0,0,0,40,0,Home & Kitchen,Spare Set,Spares
Week 8,Nexlev,SC-05,Amazon,FBA79652,MAPPED,40,86159.33051,86159.33051,1340.1,53604,Home & Kitchen,Cleaning & Vacumming,Steam cleaner
Week 8,Nexlev,SC-05 SC-05 - Set of Spares,Amazon,FBA79912,MAPPED,0,0,0,350,0,Home & Kitchen,SC-05 - Set of Spares,Spares
Week 8,Nexlev,SM-01,Amazon,FBA79276,MAPPED,6,19571.18644,19571.18644,2481.58248,14889.49488,Home & Kitchen,Cleaning & Vacumming,Steam Mop
Week 8,Nexlev,SM-01 Set of 2 Mops,Amazon,FBA79716,MAPPED,1,338.1355932,338.1355932,300,300,Home & Kitchen,Set of 2 Mops,Spares
Week 8,Nexlev,SPM-01 Set of 2 Mops,Amazon,FBA79717,MAPPED,0,0,0,250,0,Home & Kitchen,Set of 2 Mops,Spares
Week 8,Nexlev,SPM-01(New),Amazon,FBA79699,MAPPED,0,0,0,2427.170733,0,Home & Kitchen,Cleaning & Vacumming,Electric Spin Mop Swipe
Week 8,Nexlev,SS-01(New),Amazon,FBA79698,MAPPED,1,2117.79661,2117.79661,1439.317838,1439.317838,Home & Kitchen,Cleaning & Vacumming,Electric Spin Scrubber
Week 8,Nexlev,SS-02,Amazon,FBA79589,MAPPED,5,8894.067797,8894.067797,1117.627454,5588.137269,Home & Kitchen,Cleaning & Vacumming,Electric Spin Scrubber
Week 8,Nexlev,SS-02 Set of Spares,Amazon,FBA79657,MAPPED,0,0,0,350,0,Home & Kitchen,Set of Spares,Spares
Week 8,Nexlev,ST-01,Amazon,FBA79679,MAPPED,9,42933.05085,42933.05085,3164,28476,Home & Kitchen,Kitchen Appliances,Stand Mixer
Week 8,Nexlev,ST-01 ST-01 Set of Hooks,Amazon,FBA79915,MAPPED,0,0,0,550,0,Home & Kitchen,ST-01 Set of Hooks,Spares
Week 8,Nexlev,SW-01,Amazon,FBA79349,MAPPED,37,34497.45763,34497.45763,364.3147872,13479.64713,Home & Kitchen,Fabric Care,Mini Sewing Machine
Week 8,Nexlev,T-01,Amazon,FBА79266,MAPPED,1,863.559322,863.559322,491.353331,491.353331,HPC,Trimmers & Body Groomers,Women Trimmer
Week 8,Nexlev,T-02,Amazon,FBA79267,MAPPED,7,5926.271186,5926.271186,576.9679266,4038.775486,HPC,Trimmers & Body Groomers,Women Trimmer
Week 8,Nexlev,TI-01,Amazon,FBA79466,MAPPED,0,0,0,1178.014323,0,Home & Kitchen,Car Accessories,Tyre Inflators - Corded
Week 8,Nexlev,TI-02,Amazon,FBA79473,MAPPED,0,0,0,814.7014941,0,Home & Kitchen,Car Accessories,Tyre Inflators - Corded
Week 8,Nexlev,TIC-04,Amazon,FBA79475,MAPPED,0,0,0,1321.137558,0,Home & Kitchen,Car Accessories,Tyre Inflators - Cordless
Week 8,Nexlev,TM-01,Amazon,FBA79467,MAPPED,0,0,0,459.0927588,0,HPC,Trimmers & Body Groomers,Men's Beard Trimmer
Week 8,Nexlev,TM-02,Amazon,FBA79481,MAPPED,0,0,0,1240.79124,0,HPC,Trimmers & Body Groomers,Intimate Trimmer
Week 8,Nexlev,TM-03,Amazon,FBA79483,MAPPED,1,0,0,564.5600142,564.5600142,HPC,Trimmers & Body Groomers,Men's Body Trimmer
Week 8,Nexlev,TM-04,Amazon,FBA79485,MAPPED,0,0,0,436.7585165,0,HPC,Trimmers & Body Groomers,Body & Nose Trimmer
Week 8,Nexlev,TM-05,Amazon,FBA79693,MAPPED,0,0,0,1116.7,0,HPC,Trimmers & Body Groomers,Vacuum Trimmer
Week 8,Nexlev,V-01,Amazon,FBA79271,MAPPED,9,10670.33898,10670.33898,682.435182,6141.916638,HPC,Hair Care,Volumizer
Week 8,Nexlev,V-01 RG,Amazon,FBK79271,MAPPED,11,12703.38983,12703.38983,682.435182,7506.787002,HPC,Hair Care,Volumizer
Week 8,Nexlev,V-02,Amazon,FBA79492,MAPPED,1,1948.305085,1948.305085,1032.338312,1032.338312,HPC,Hair Care,Volumizer
Week 8,Nexlev,V-03,Amazon,FBA79493,MAPPED,36,59759.32203,59759.32203,802.7919323,28900.50956,HPC,Hair Care,Volumizer
Week 8,Nexlev,VC-01,Amazon,FBA79452,MAPPED,26,39133.89831,39133.89831,982.1574594,25536.09394,Home & Kitchen,Cleaning & Vacumming,Vacuum Cleaner
Week 8,Nexlev,VC-03,Amazon,FBA79480,MAPPED,1,1694.067797,1694.067797,835.0525045,835.0525045,Home & Kitchen,Cleaning & Vacumming,Vacuum Cleaner
Week 8,Nexlev,VC-04,Amazon,FBA79565,MAPPED,0,0,0,1160.139809,0,Home & Kitchen,Cleaning & Vacumming,Vacuum Cleaner
Week 8,Nexlev,VC-05,Amazon,FBA79566,MAPPED,7,12433.90678,12433.90678,1095.618665,7669.330654,Home & Kitchen,Cleaning & Vacumming,Vacuum Cleaner
Week 8,Nexlev,"VC-05 VC-05 -Set of Spares(Crevice, Brush & Hose)",Amazon,FBA79913,MAPPED,0,0,0,350,0,Home & Kitchen,"VC-05 -Set of Spares(Crevice, Brush & Hose)",Spares
